battery_power,blue,clock_speed,dual_sim,fc,four_g,int_memory,m_dep,mobile_wt,n_cores,pc,px_height,px_width,ram,sc_h,sc_w,talk_time,three_g,touch_screen,wifi,price_range
1583,1,2.1,1,11,0,14,0.7,148,7,16,942,1651,1704,17,13,2,1,0,1,1
745,1,0.6,1,5,0,35,0.8,102,8,10,89,1538,2459,14,1,16,1,1,0,0
832,0,0.7,1,2,1,39,0.7,103,4,3,125,1504,1799,5,2,11,1,0,1,0
1175,1,1.3,0,2,0,19,0.3,164,7,9,873,1394,1944,9,4,9,1,1,0,0
695,0,0.5,0,18,1,12,0.6,196,2,19,1649,1829,2855,16,13,7,1,1,1,1
1741,1,1.8,0,0,0,14,0.7,143,8,0,730,1895,3387,11,3,3,1,0,0,1
1927,0,0.9,1,3,0,11,0.4,190,8,12,491,1506,2916,16,11,18,0,1,1,1
917,1,0.5,0,1,1,31,0.5,88,6,2,423,909,3424,19,2,13,1,1,0,1
1498,1,1.2,1,0,1,14,0.1,191,4,1,111,1167,577,14,12,12,1,1,0,0
1414,0,0.5,0,0,1,15,0.8,168,2,0,294,1233,1069,18,6,14,1,0,0,0
1662,0,0.5,0,0,1,61,0.8,126,4,13,32,1509,3760,9,5,13,1,1,1,1
1342,0,1.0,0,0,1,31,0.6,86,7,1,991,1638,2746,15,5,10,1,1,0,1
1251,0,0.5,1,10,1,29,0.7,133,6,16,308,591,1052,11,9,11,1,0,0,0
687,1,1.3,0,9,1,50,0.6,151,4,20,584,1151,3416,14,6,8,1,1,0,1
878,1,1.3,0,13,1,31,0.5,153,4,18,575,618,3497,9,7,11,1,1,0,1
1837,0,0.5,0,9,0,36,0.9,162,4,20,786,872,770,14,1,15,0,0,1,0
707,0,2.1,1,2,0,25,0.8,131,3,17,495,574,3838,9,2,7,1,0,1,1
1988,1,0.5,0,0,1,16,0.1,94,8,1,153,696,3144,16,2,14,1,0,0,1
1446,1,2.8,1,0,1,18,0.3,178,8,1,351,1769,3340,8,0,16,1,1,1,1
865,0,1.2,1,8,0,59,0.1,159,3,9,805,1804,2361,16,11,19,1,0,1,1
816,1,0.5,0,4,0,14,0.9,198,3,13,149,558,1018,17,10,15,1,0,0,0
1851,0,2.9,0,0,0,53,0.7,112,6,2,174,1175,2678,6,0,8,1,0,0,1
904,0,2.7,1,4,0,19,0.6,147,6,7,1094,1496,545,19,18,16,0,0,0,0
1221,0,0.5,0,1,1,28,0.5,139,1,7,1895,1976,2438,13,11,10,1,1,1,1
1276,1,2.9,1,2,0,53,0.3,130,2,3,217,735,3798,19,10,8,1,1,1,1
1330,1,1.3,1,14,0,3,0.3,83,5,17,980,1262,463,14,6,11,0,0,1,0
1766,1,0.5,1,1,0,16,0.6,141,5,7,125,1227,3314,9,7,17,0,0,1,1
1266,0,0.5,0,0,1,5,0.1,95,6,9,1365,1698,1687,11,0,18,1,0,0,1
979,0,0.5,1,0,1,5,0.5,164,7,2,793,1670,3449,5,2,14,1,0,0,1
1883,1,0.5,0,3,1,10,0.3,146,6,13,836,1739,2600,16,8,20,1,0,0,1
808,1,0.5,1,3,0,46,0.5,105,8,15,119,529,1082,15,5,10,1,0,1,0
748,1,1.7,0,0,1,27,0.9,150,8,4,450,1554,2126,18,9,7,1,0,0,0
1087,0,1.3,0,0,1,16,0.3,166,3,9,295,589,690,14,6,6,1,0,1,0
1770,0,2.3,1,0,0,7,0.8,128,7,6,886,1552,1480,6,1,17,1,0,0,0
626,0,0.7,1,2,1,23,0.5,187,2,9,90,1334,3458,7,5,11,1,0,1,1
869,0,1.9,0,0,0,2,0.6,197,7,3,519,533,3249,19,0,12,0,0,1,1
1062,0,0.5,0,3,1,39,0.9,124,4,4,571,817,1345,16,0,11,1,0,1,0
1567,0,0.5,1,3,0,22,0.5,119,6,6,545,1621,2312,9,1,18,1,0,0,1
1404,0,2.1,0,16,0,44,0.9,151,1,20,1703,1880,1196,10,6,5,0,0,1,0
519,1,1.6,1,7,1,51,0.3,132,4,19,550,645,3763,16,1,4,1,0,1,1
1581,1,1.0,0,9,0,41,0.4,172,4,19,693,850,1384,19,9,2,0,1,1,0
1654,0,1.8,0,1,0,11,0.3,146,7,2,1184,1719,1070,8,1,14,1,1,1,0
912,1,2.0,0,1,0,54,0.3,161,8,5,329,1053,2330,19,5,20,0,1,0,0
1142,1,1.2,0,0,0,2,0.6,114,6,0,623,769,1747,7,0,14,0,1,0,0
1542,0,2.3,0,1,0,43,0.8,182,2,11,346,966,3601,14,4,16,0,0,0,1
574,0,2.8,1,16,0,38,0.1,90,6,17,286,1171,3269,8,7,10,0,1,0,1
618,1,2.2,1,0,1,63,0.9,138,2,1,853,1781,2574,14,3,5,1,1,0,1
712,1,0.5,1,3,1,35,0.2,84,2,10,558,1208,2190,16,12,4,1,1,1,0
1872,1,2.3,0,6,0,44,0.7,134,3,15,459,1259,1955,9,4,15,1,0,1,1
1577,0,0.5,1,0,1,42,0.3,197,5,4,1045,1737,2060,19,6,12,1,0,0,1
602,0,0.9,0,9,0,50,0.9,141,8,18,1571,1717,2189,7,5,16,0,1,0,1
921,1,2.2,1,12,1,10,0.1,170,7,18,1272,1469,3153,8,2,11,1,1,0,1
1821,0,0.9,0,9,1,12,0.3,114,1,18,97,1803,2430,7,4,6,1,1,1,1
1042,0,2.7,1,16,1,50,0.8,93,7,18,727,1705,3215,18,0,20,1,1,1,1
935,1,0.5,1,3,1,58,0.1,155,5,12,639,1087,2473,10,4,9,1,0,1,1
1296,0,1.4,1,3,0,11,0.2,129,7,4,1222,1382,2552,19,8,10,1,1,1,1
614,0,2.9,1,3,1,24,0.2,94,4,7,409,603,1930,13,12,4,1,0,1,0
555,1,3.0,1,5,1,38,0.8,193,2,10,214,1970,1686,8,1,8,1,0,1,0
1308,0,1.9,0,0,1,61,0.7,106,3,7,59,1215,3355,15,2,4,1,0,1,1
1880,1,2.0,0,11,0,35,0.1,200,4,14,930,1983,1930,17,7,15,0,1,0,1
1224,1,1.6,0,9,0,33,1.0,157,1,18,522,563,3796,10,5,13,1,1,0,1
1918,0,1.9,0,2,0,10,0.6,110,5,10,1170,1543,1717,7,1,16,1,1,1,1
1780,1,0.5,0,6,0,27,0.1,190,4,11,1331,1463,2776,19,17,14,1,1,1,1
1003,1,2.9,0,16,1,16,0.6,119,8,19,190,1905,1798,16,7,10,1,0,0,0
1350,1,0.5,1,0,1,50,0.8,181,8,4,369,544,2287,15,1,8,1,1,0,0
648,1,1.8,0,1,1,60,0.1,195,4,4,931,1811,819,10,3,4,1,0,0,0
769,1,2.9,1,0,0,9,0.1,182,5,1,248,874,3946,5,2,7,0,0,0,1
774,0,0.5,1,2,1,10,0.5,188,2,9,1480,1731,2944,8,6,2,1,1,1,1
527,0,0.7,1,4,0,53,0.9,128,1,11,67,1924,1302,13,7,13,0,0,0,0
1352,0,2.4,0,5,1,6,0.9,92,6,9,629,1299,1309,12,1,14,1,0,0,0
641,1,1.1,0,0,1,7,0.9,192,1,3,417,759,3595,7,5,19,1,1,1,1
1135,1,2.0,1,0,0,46,0.3,83,1,4,293,1846,3029,19,17,9,1,1,1,1
1432,1,1.7,1,6,1,39,0.3,164,4,18,209,947,504,14,4,10,1,1,0,0
535,1,0.5,1,8,1,54,0.5,145,8,15,710,939,2674,14,8,10,1,0,0,1
1868,1,0.5,0,2,1,40,0.9,179,8,17,576,884,298,8,2,17,1,1,0,0
956,0,0.5,0,1,1,41,1.0,143,7,6,511,1075,3286,17,8,12,1,1,0,1
1448,0,0.5,1,18,0,2,0.2,100,5,19,846,1144,593,9,4,18,1,1,1,0
1731,1,1.4,1,4,1,4,0.5,163,6,18,809,1988,3892,5,1,4,1,1,1,1
874,0,1.3,0,5,0,8,0.5,185,1,20,442,1248,582,6,4,15,0,0,0,0
1699,0,0.5,1,1,0,59,0.5,97,4,3,466,1768,3796,17,10,12,0,1,1,1
1989,1,2.9,1,8,0,17,0.1,193,8,15,629,682,2369,7,0,18,1,1,0,1
1072,1,2.2,1,6,0,19,0.4,114,8,16,380,877,2715,15,9,16,0,1,0,1
1483,1,2.2,0,3,1,53,0.7,169,5,11,291,651,1744,6,3,10,1,0,0,0
1547,0,2.9,1,6,0,45,0.7,166,2,8,583,590,505,12,2,3,0,1,1,0
1004,0,1.6,1,0,1,30,1.0,160,8,1,62,581,1012,7,4,13,1,1,1,0
1002,0,0.8,1,0,1,35,0.5,83,2,4,1345,1416,1726,16,5,19,1,0,1,0
1648,0,0.7,0,6,1,64,0.8,170,4,9,1153,1876,610,8,1,6,1,1,0,0
1438,0,2.2,0,0,1,32,0.6,176,7,6,683,1663,869,19,13,9,1,1,1,0
894,0,2.1,1,16,0,16,0.7,168,8,20,286,1300,3377,5,1,6,1,1,1,1
1698,0,2.1,0,5,1,18,0.9,160,6,20,363,994,796,13,3,14,1,0,1,0
1189,1,1.9,0,5,0,7,0.5,164,2,20,79,615,841,13,10,11,0,1,0,0
843,0,1.3,1,1,0,16,0.9,119,7,4,593,732,1734,17,8,14,0,0,1,0
685,0,2.7,0,7,0,17,0.3,174,6,20,725,870,1223,8,0,18,1,0,1,0
1156,0,0.5,0,6,0,61,0.1,89,7,9,1214,1262,1796,16,6,13,0,1,1,0
1620,1,2.2,1,0,1,30,0.2,185,3,3,832,1033,606,6,0,18,1,0,0,0
1805,1,0.5,0,0,0,29,0.2,182,4,2,758,891,1276,19,4,17,0,1,0,0
1012,0,0.5,1,4,0,39,0.1,161,4,6,882,1195,2802,8,0,10,1,1,0,1
1631,0,0.9,1,2,1,3,0.1,198,7,12,177,1905,301,13,5,13,1,0,0,0
1188,1,1.4,1,0,1,9,0.6,114,2,0,1339,1558,2896,12,11,16,1,0,1,1
999,0,2.6,1,11,1,56,1.0,165,4,13,342,1641,3083,8,4,11,1,1,1,1
1562,1,1.2,1,0,1,52,0.1,105,7,9,480,728,2829,13,10,3,1,1,1,1
1264,0,2.9,1,2,1,34,0.2,171,3,3,562,849,419,7,4,3,1,1,1,0
682,1,0.5,0,4,0,19,1.0,121,4,11,902,1064,2337,11,1,18,0,1,1,0
1410,1,0.5,1,0,1,15,0.3,92,3,1,192,1311,2304,18,4,18,1,1,0,1
1577,0,1.0,1,0,1,64,0.1,105,3,7,116,1432,2967,7,3,7,1,1,1,1
1083,1,2.9,1,1,1,39,1.0,173,8,2,523,542,3248,8,6,6,1,0,1,1
1312,0,0.5,1,0,1,28,0.8,163,2,0,1233,1854,1087,17,16,14,1,0,0,0
1867,0,2.3,0,0,1,9,0.1,191,6,3,712,1442,990,6,1,2,1,0,1,0
794,1,0.5,1,0,1,2,0.8,106,6,14,1222,1890,668,13,4,19,1,1,0,0
987,0,1.3,1,0,1,61,0.4,107,3,9,581,820,3963,9,4,20,1,0,1,1
1911,0,0.9,1,1,1,36,0.7,108,8,3,868,1632,3057,9,1,5,1,1,0,1
1635,0,2.6,1,0,1,2,0.6,182,4,0,1209,1411,2315,10,1,2,1,1,0,1
1671,0,0.6,1,7,1,61,0.1,129,2,11,263,848,2336,10,4,7,1,0,0,1
1885,0,2.4,1,12,1,14,0.6,92,4,15,1406,1517,1277,9,6,16,1,0,1,0
1379,0,1.1,0,5,1,36,0.8,200,2,7,538,1376,3426,5,4,17,1,1,1,1
770,1,1.5,1,6,0,61,0.2,196,4,9,603,1483,3473,7,3,4,0,0,1,1
1968,0,0.9,0,0,0,22,0.8,115,3,7,861,1259,2323,9,8,7,0,0,1,1
1784,0,1.6,0,4,0,41,0.4,164,6,20,610,1437,2313,14,1,11,0,1,0,1
1763,0,0.5,1,12,0,10,0.2,184,3,19,238,1893,792,17,12,13,1,0,1,0
1735,1,1.9,1,0,1,59,0.7,148,6,0,137,846,3230,6,1,9,1,1,0,1
1960,1,2.1,0,1,0,7,0.2,165,7,9,868,877,3773,11,9,6,0,1,1,1
1494,0,1.6,0,3,1,45,0.8,158,5,4,449,790,3208,11,9,4,1,0,0,1
1113,0,0.6,1,0,0,25,0.3,145,1,10,1047,1312,277,11,2,12,1,0,1,0
869,1,1.0,0,7,1,57,0.6,118,1,15,1243,1584,2727,13,3,8,1,0,0,1
545,0,0.5,0,0,1,11,0.3,131,3,1,381,1452,616,15,6,19,1,1,1,0
1859,0,0.5,1,3,0,22,0.7,164,1,7,1004,1654,1067,17,1,10,1,0,0,0
719,1,0.5,1,0,1,23,0.4,113,6,9,431,1727,3990,14,9,12,1,1,1,1
583,1,0.9,1,1,0,51,0.9,88,8,2,1658,1794,1799,16,9,7,0,1,0,0
1551,0,1.1,0,4,0,51,0.1,88,5,6,1738,1995,3844,11,8,4,0,1,0,1
1660,0,0.6,0,2,1,24,0.8,169,2,3,223,1777,2402,12,10,14,1,1,1,1
1965,0,0.5,0,6,1,4,1.0,84,7,9,977,1660,3535,17,0,16,1,1,1,1
1875,1,0.5,1,11,1,55,0.7,91,1,17,1802,1942,2712,7,2,6,1,0,1,1
1289,0,0.8,1,3,1,16,0.9,161,6,17,713,1854,3167,14,8,20,1,1,0,1
667,0,2.6,1,3,0,8,0.8,185,1,7,1015,1947,2528,11,8,8,0,1,0,1
1977,1,2.0,1,7,1,54,1.0,171,7,18,1226,1242,1971,18,7,14,1,1,0,1
972,1,1.3,0,8,0,44,0.7,82,7,10,297,589,3925,7,6,7,0,1,0,1
1848,1,1.4,1,2,1,42,0.7,179,2,10,154,605,3902,11,9,3,1,0,1,1
1866,0,0.5,0,13,1,52,0.7,185,1,17,356,563,373,14,9,3,1,0,1,0
1284,1,2.8,1,0,0,10,0.9,155,2,14,160,516,2197,16,2,9,0,1,1,0
1081,1,1.9,1,13,1,42,0.1,101,7,17,83,816,2456,7,4,7,1,0,0,0
1484,0,3.0,0,3,0,12,0.6,134,3,5,916,969,1457,14,4,20,1,1,0,0
1176,1,2.1,0,2,1,62,0.5,168,2,10,674,1455,1534,6,2,17,1,0,0,0
775,1,2.6,0,0,0,30,0.4,189,7,10,561,1510,2523,17,16,9,1,0,1,1
897,0,1.4,1,1,0,17,0.4,171,1,2,547,1852,2948,12,3,5,0,0,1,1
1063,1,1.1,0,0,1,26,0.8,101,5,2,1208,1232,3809,17,16,5,1,0,1,1
1168,0,1.3,0,9,0,61,0.1,90,8,10,159,1578,3173,9,4,17,0,0,1,1
1945,0,1.6,1,0,1,57,0.3,195,4,1,743,1753,732,14,1,14,1,1,0,0
1263,0,0.5,0,12,0,64,0.3,175,5,18,178,1883,1183,14,3,17,0,0,1,0
1494,0,1.6,1,4,1,24,0.2,101,1,17,979,1190,3614,15,12,9,1,0,0,1
1528,0,2.4,0,2,0,37,0.2,156,8,3,306,564,733,15,0,14,1,1,0,0
1718,1,2.5,1,14,1,6,0.1,183,5,16,564,980,3755,7,1,8,1,1,1,1
1723,1,1.1,1,1,0,42,1.0,164,8,14,202,1791,3587,10,5,3,1,0,0,1
1002,1,1.8,0,1,0,45,0.7,180,7,7,948,1007,1234,19,13,18,1,1,0,0
802,0,0.5,1,3,0,43,0.6,153,5,6,527,734,3063,17,13,4,0,1,0,1
616,1,2.2,0,3,1,21,0.8,150,7,4,347,513,3267,17,9,19,1,0,0,1
732,1,2.3,1,7,1,39,0.6,188,7,11,1163,1554,3681,19,3,15,1,1,1,1
986,1,1.5,0,1,1,23,0.8,183,8,3,471,800,2385,16,9,19,1,0,0,0
993,1,2.3,1,0,0,16,0.4,106,7,13,424,1639,1113,14,1,6,0,0,1,0
1034,0,2.6,1,2,1,45,0.3,190,3,4,182,1293,969,15,1,7,1,0,0,0
1689,1,2.4,1,0,1,13,0.9,168,2,9,521,674,1172,12,11,17,1,1,1,0
1699,1,0.5,0,16,0,21,0.1,156,4,20,105,1099,1181,16,0,18,1,1,0,0
918,0,0.9,1,1,0,8,0.1,123,7,5,653,671,1652,17,4,14,1,1,0,0
1831,0,1.4,1,2,0,43,0.9,150,5,5,611,1381,3834,17,7,13,1,1,1,1
1355,0,2.3,0,10,1,23,0.2,132,5,16,651,891,880,19,4,8,1,1,0,0
1444,1,2.1,1,0,0,6,0.9,103,1,1,1274,1340,712,17,5,10,0,0,0,0
1154,0,2.0,0,6,1,35,0.8,159,5,16,1003,1827,3262,16,15,16,1,0,0,1
1732,1,1.1,0,4,1,12,0.8,119,8,9,824,881,1308,16,7,11,1,0,1,0
1533,1,1.1,1,18,1,17,0.3,160,4,20,1054,1393,2520,8,2,11,1,0,1,1
730,0,1.5,0,9,0,9,0.7,122,4,15,1371,1677,2787,10,8,7,1,0,1,1
880,1,1.7,1,0,0,33,0.7,173,2,2,30,1350,1414,12,1,7,1,1,0,0
1053,1,0.8,1,7,1,45,0.3,103,1,12,594,1767,3086,17,6,5,1,1,1,1
1949,0,2.6,1,4,0,47,0.3,199,4,7,407,822,1433,11,5,20,0,0,1,0
1979,1,2.9,1,0,1,19,1.0,176,3,9,1331,1532,411,8,2,2,1,1,1,0
668,0,0.5,1,0,0,3,0.1,155,5,13,666,1203,2746,9,5,8,1,1,1,1
977,1,2.8,1,2,0,35,0.6,165,2,15,1502,1862,3714,19,3,10,0,1,1,1
1558,1,2.4,0,0,1,27,0.1,146,1,1,120,1409,3598,9,2,12,1,0,1,1
915,0,1.1,0,6,0,56,0.6,187,8,17,532,1448,905,19,10,12,0,1,0,0
1156,1,1.2,1,0,1,50,0.8,159,2,0,322,547,470,7,0,15,1,1,0,0
1438,1,1.8,0,3,0,16,0.6,169,8,7,859,867,2246,14,11,15,0,0,0,1
908,0,2.1,0,1,0,44,0.6,95,5,2,154,941,3518,16,12,7,1,1,1,1
1514,0,2.9,0,0,0,27,0.2,118,3,1,186,1810,1152,8,3,20,0,1,1,0
1807,1,2.9,0,0,0,16,0.2,125,3,0,1221,1415,2921,8,5,17,0,1,0,1
1467,1,0.5,0,0,0,18,0.6,122,5,0,888,1099,3962,15,11,5,1,1,1,1
550,1,0.5,0,16,1,23,0.1,145,2,17,486,1930,302,18,5,8,1,0,0,0
1862,0,1.5,0,1,0,62,1.0,182,1,2,386,1046,1017,11,3,9,1,0,0,0
1165,1,2.4,0,11,0,41,0.2,178,6,12,564,831,764,19,12,15,1,0,0,0
1314,1,2.8,1,13,1,5,1.0,87,4,18,82,512,3411,17,16,18,1,0,0,1
1444,1,2.1,0,9,0,38,0.4,104,7,16,624,917,3764,14,9,10,0,0,0,1
999,0,2.9,1,11,1,64,0.2,199,4,19,1397,1616,2593,14,11,16,1,1,0,1
1670,1,1.6,1,0,0,47,0.8,139,8,15,1706,1886,876,16,0,5,1,1,0,0
1647,0,1.4,1,3,1,38,0.3,102,6,15,193,1185,2532,16,14,15,1,0,1,1
706,0,0.5,0,13,1,31,0.1,108,3,19,543,938,2419,8,7,4,1,0,1,0
1753,0,0.7,0,4,0,40,0.6,191,4,11,1652,1983,1112,8,2,15,1,1,1,0
1602,0,0.6,0,12,0,58,0.4,170,1,13,1259,1746,3622,17,2,17,0,1,1,1
744,0,1.7,1,0,1,33,0.5,105,4,2,1252,1963,2700,9,3,19,1,0,0,1
595,0,2.6,0,0,1,20,0.4,122,2,18,623,816,1593,19,11,2,1,0,1,0
1479,0,0.5,0,8,0,19,0.6,156,3,10,180,1476,3323,13,12,6,1,0,1,1
1220,0,2.9,0,3,0,62,0.5,125,4,8,403,1933,2589,19,11,15,1,1,1,1
672,1,0.5,1,0,0,54,0.9,95,4,11,578,1143,667,17,8,14,0,0,0,0
1824,1,1.9,1,9,1,2,0.7,103,1,14,50,1105,3958,12,2,19,1,1,0,1
627,0,1.8,0,2,0,20,0.8,142,3,8,211,507,896,17,6,14,0,0,0,0
1512,1,0.5,0,8,1,18,0.1,88,3,17,1079,1897,3607,12,10,6,1,1,1,1
612,1,0.7,0,6,0,35,0.6,181,5,12,1294,1337,3169,14,9,6,0,0,0,1
720,1,1.4,1,0,1,61,0.6,96,7,8,1347,1733,2799,5,3,15,1,0,1,1
1490,1,0.5,1,4,1,64,0.3,150,8,8,1417,1464,3600,17,9,7,1,1,1,1
1109,1,2.7,1,1,0,39,0.4,98,1,9,1391,1787,1524,15,10,7,1,1,1,0
1117,1,0.5,1,2,0,21,0.1,177,2,19,495,1035,1999,15,9,2,1,0,1,0
1272,1,2.5,1,0,0,22,0.9,133,6,8,605,669,2235,19,4,4,1,0,0,0
1604,1,1.7,0,2,0,33,1.0,191,8,5,134,939,916,13,10,12,0,1,1,0
1457,0,1.9,1,1,1,16,0.3,102,3,10,1013,1287,1440,17,8,12,1,0,1,0
717,0,1.1,1,2,1,14,0.1,99,8,6,1878,1981,629,16,15,20,1,0,0,0
1997,1,1.8,1,1,0,40,0.5,185,4,8,866,1212,1655,7,6,15,1,0,0,1
1965,1,2.6,1,0,0,39,0.2,187,4,3,915,1965,2032,11,10,16,1,1,1,1
823,0,1.0,1,9,1,18,0.2,182,5,16,1180,1350,3894,13,10,9,1,1,0,1
675,0,2.4,0,1,0,42,0.6,187,7,2,482,874,2953,9,5,13,1,1,0,1
1590,0,1.5,1,12,1,14,0.5,187,4,15,1058,1109,2836,6,5,4,1,0,0,1
1853,0,0.5,1,1,0,27,0.3,197,6,13,985,1005,1973,10,2,8,1,0,1,1
710,1,0.5,0,6,0,32,0.8,151,5,9,485,857,1419,12,11,18,0,1,0,0
1648,1,0.5,0,1,1,17,0.9,142,2,3,1119,1238,1184,6,2,2,1,0,1,0
1117,0,0.5,0,1,0,12,0.6,144,7,8,798,817,2895,7,6,16,1,1,0,1
612,1,0.5,1,1,1,20,0.8,179,8,6,1145,1487,3282,16,2,18,1,1,1,1
681,0,0.5,1,12,1,17,0.9,194,5,19,371,1702,2548,6,1,5,1,0,1,1
1597,0,2.3,0,11,0,34,0.4,89,1,14,64,1667,934,16,10,9,0,1,0,0
565,0,0.6,1,1,0,50,0.1,158,2,8,543,703,2156,13,6,6,1,1,1,0
1689,1,0.5,0,11,0,9,0.5,150,5,15,467,675,2637,8,4,3,1,0,0,1
1154,0,1.2,1,0,1,49,0.2,181,8,2,541,1499,978,5,3,7,1,0,1,0
1547,1,3.0,1,2,1,14,0.7,198,3,19,1042,1832,2059,5,0,15,1,0,1,1
1610,1,2.9,0,7,1,64,0.9,181,4,12,1236,1280,941,8,4,9,1,1,0,0
798,0,0.6,1,6,1,21,0.5,110,2,12,661,1951,1647,12,2,3,1,0,0,0
1373,1,1.9,1,1,1,29,0.9,141,6,12,1220,1348,2752,15,2,7,1,1,1,1
1910,0,1.4,0,0,0,29,0.6,146,7,2,333,639,2944,8,7,2,1,1,1,1
553,0,0.5,1,2,1,23,0.5,119,3,3,993,1517,2981,7,3,14,1,0,0,1
1812,1,1.3,1,4,1,42,1.0,162,7,15,380,1550,3338,18,13,11,1,1,1,1
1009,1,1.0,1,2,0,2,0.6,102,8,14,912,1043,1716,7,5,15,0,0,0,0
1082,0,0.8,0,0,0,38,0.1,198,8,5,986,1191,2337,6,1,17,0,1,1,1
1657,1,2.4,0,3,0,42,0.1,198,5,16,1770,1796,2597,18,1,14,1,0,0,1
755,1,2.8,0,5,1,51,0.3,186,4,12,315,990,2734,10,1,16,1,0,1,1
695,0,1.2,0,1,1,41,0.4,169,8,8,789,1211,2282,5,2,17,1,1,0,0
1719,1,2.0,0,0,0,12,0.3,122,8,7,240,904,462,6,3,5,0,0,0,0
1081,1,2.5,1,13,0,49,1.0,99,3,17,284,519,325,9,1,6,0,0,1,0
1624,0,1.6,1,8,0,28,0.4,150,2,10,689,699,2473,16,11,2,1,0,0,1
645,0,2.5,0,10,1,63,1.0,174,4,14,278,584,3615,18,8,13,1,0,1,1
1464,0,0.5,1,0,1,17,0.7,153,6,8,418,1341,1277,13,6,19,1,0,0,0
504,1,1.0,0,8,0,14,0.5,189,7,9,881,1129,1607,15,0,10,1,1,1,0
1783,1,0.5,0,8,0,14,0.6,183,8,11,910,1566,1816,12,7,7,0,0,1,1
1871,1,2.0,0,7,1,20,0.1,81,7,14,88,1682,2144,13,12,12,1,1,1,1
864,0,2.5,0,10,1,24,0.7,148,4,15,1362,1378,3964,13,8,12,1,1,0,1
601,1,1.4,0,4,1,4,0.1,154,4,13,356,765,532,12,8,10,1,1,1,0
601,0,2.1,0,4,0,26,0.3,101,4,18,509,548,918,9,1,12,0,0,0,0
713,0,1.6,0,4,1,63,0.7,89,2,8,103,1760,2082,15,10,12,1,0,0,0
612,1,1.9,1,6,0,16,0.3,102,7,7,1360,1891,3161,8,4,3,0,0,0,1
672,1,0.6,1,13,0,61,0.1,194,5,20,724,1127,1457,14,10,20,1,0,1,0
1692,0,2.3,1,4,1,46,0.9,139,1,6,674,1925,1394,16,10,6,1,1,0,0
1065,1,0.5,0,0,1,14,0.7,89,2,2,188,928,3078,10,1,18,1,0,1,1
1278,1,0.5,1,1,0,54,0.1,104,8,16,581,750,1155,7,1,20,0,0,1,0
1265,0,1.5,0,7,0,49,0.7,182,5,16,690,836,1362,5,0,12,0,0,1,0
1970,0,1.6,1,11,1,58,0.3,80,8,19,654,882,2372,14,12,2,1,1,0,1
576,0,0.8,0,0,1,27,0.1,121,2,4,757,1518,1519,18,6,8,1,0,1,0
1977,0,1.3,1,2,0,31,0.4,173,8,6,1145,1356,2641,8,2,7,0,0,0,1
1342,0,2.8,0,1,0,50,0.1,173,1,8,127,620,2644,7,2,11,0,1,1,1
1971,1,0.5,1,0,0,40,0.3,186,7,19,485,922,571,8,7,17,1,1,0,0
1606,0,1.4,0,3,0,57,0.1,154,4,4,1127,1924,3454,13,8,20,0,0,1,1
1128,1,1.4,0,12,0,53,0.4,84,5,14,609,1370,2982,14,9,12,1,1,0,1
1045,1,1.2,1,3,1,40,0.1,175,6,7,1078,1564,2137,11,8,12,1,0,1,1
643,1,0.7,1,3,1,23,0.8,156,1,9,314,1400,2096,13,6,2,1,0,0,0
1753,0,1.2,0,8,1,12,0.9,113,7,17,387,1595,1445,17,16,12,1,1,1,0
989,1,1.6,1,11,1,24,0.6,156,8,17,614,679,2819,16,13,5,1,0,1,1
1451,1,0.5,0,5,1,57,0.6,181,8,12,812,1456,3038,15,7,18,1,0,1,1
625,1,1.9,0,12,1,33,0.2,191,1,20,431,550,3801,10,6,2,1,0,0,1
748,0,1.4,0,0,0,25,1.0,110,7,14,88,709,1974,17,5,13,0,1,1,0
1218,1,2.8,1,3,0,39,0.8,150,7,14,1122,1746,1667,10,0,12,0,0,0,0
840,0,0.6,0,0,1,63,0.8,137,7,19,987,1081,3486,12,8,18,1,1,0,1
1776,1,2.1,1,10,0,35,0.1,172,4,16,278,623,1813,16,13,20,1,1,1,0
1701,1,0.5,0,13,1,46,0.9,115,2,15,364,828,3717,11,0,10,1,1,0,1
959,1,1.7,0,15,0,13,0.4,155,4,16,87,736,3328,10,9,10,1,1,1,1
1634,1,1.4,0,1,1,17,0.2,200,2,5,964,1677,3031,11,6,6,1,1,1,1
825,1,0.5,1,7,0,52,0.9,130,3,10,597,863,3534,10,4,6,0,1,0,1
584,1,1.8,0,0,1,19,0.3,168,3,0,1123,1622,465,12,8,4,1,1,0,0
1835,1,2.3,0,4,1,11,0.1,193,7,13,385,583,448,18,17,14,1,0,0,0
936,0,0.5,1,14,1,14,0.1,164,3,17,150,1677,3761,13,1,12,1,0,0,1
1957,0,0.9,1,11,0,31,0.6,181,3,16,396,1732,3801,12,0,7,1,0,1,1
1128,1,1.1,0,9,1,46,0.9,135,8,10,751,1582,1434,5,0,11,1,0,0,0
1902,0,0.5,0,10,0,13,0.2,155,4,11,766,877,940,14,10,15,1,1,0,0
509,1,0.6,1,2,1,9,0.1,93,5,15,1137,1224,513,19,10,12,1,0,0,0
942,0,1.4,1,8,0,27,0.5,91,4,9,754,1532,587,6,3,13,0,1,1,0
713,0,1.4,1,4,0,53,0.8,98,1,17,123,1477,1462,19,18,13,1,0,1,0
1030,0,1.6,1,3,1,58,0.2,138,6,20,1111,1812,2858,6,2,18,1,1,1,1
1748,1,0.5,1,11,1,53,0.5,114,4,20,718,1109,2633,16,0,9,1,0,0,1
1996,0,2.5,0,5,1,51,0.4,122,4,9,671,1445,2236,8,7,12,1,0,1,1
1303,1,2.1,0,6,1,10,0.4,109,8,15,1335,1873,2219,9,3,15,1,1,1,1
1925,0,3.0,1,0,1,16,0.8,175,8,11,983,1087,2173,7,3,19,1,1,0,1
1614,0,1.2,0,1,1,9,0.1,161,3,2,173,1219,1832,15,8,11,1,0,0,0
895,0,0.5,1,6,0,16,0.3,164,8,14,126,1575,3122,7,0,4,0,0,1,1
860,1,1.3,1,8,1,40,0.7,170,3,13,1573,1581,2832,13,7,20,1,1,1,1
1405,0,1.7,0,0,0,8,0.3,107,4,7,284,1036,2376,19,6,11,0,1,0,1
589,1,2.3,1,1,0,61,0.6,160,4,10,429,815,2113,13,7,2,1,0,1,0
832,1,0.5,0,5,1,22,0.6,198,1,8,343,1431,1666,15,4,20,1,1,1,0
726,0,2.2,0,0,1,40,0.8,94,4,20,323,978,1342,16,11,4,1,1,1,0
805,1,0.7,0,0,0,64,0.1,97,4,14,641,704,418,11,6,17,0,1,1,0
1163,1,1.9,0,6,0,2,0.9,133,5,20,919,1076,1568,14,0,19,1,0,0,0
1646,0,2.5,0,3,1,25,0.6,200,2,5,211,1608,686,8,6,11,1,1,0,0
1031,1,2.1,1,2,1,11,0.1,121,2,9,532,1247,2385,11,7,16,1,0,0,1
603,1,2.5,1,3,0,35,0.7,126,3,16,692,1057,3703,13,1,9,0,0,1,1
1976,1,0.7,1,4,0,32,0.8,171,2,7,1301,1922,3699,17,11,13,0,1,1,1
724,0,2.7,1,0,0,44,0.5,187,7,0,1273,1754,2311,7,6,7,1,0,0,1
1430,1,0.9,0,3,0,56,0.1,179,3,5,569,906,752,17,8,17,0,0,1,0
1030,1,0.5,0,4,1,37,0.7,147,1,8,503,551,2800,8,6,12,1,0,1,1
915,1,0.5,1,9,1,33,0.3,199,2,16,503,986,2156,7,3,13,1,1,0,0
1762,1,2.7,1,13,1,25,0.9,189,1,14,300,527,1896,14,10,20,1,1,1,0
1715,0,1.9,0,4,1,3,0.1,171,5,6,79,1652,514,7,4,13,1,0,0,0
1218,0,1.8,1,1,1,14,0.5,147,3,4,229,616,398,17,0,5,1,0,0,0
1576,0,2.6,0,7,0,58,0.2,90,3,16,400,631,336,14,8,13,1,1,1,0
1159,0,1.5,0,3,0,36,0.4,104,4,8,717,1206,2115,8,7,18,0,0,0,1
1519,0,2.9,0,2,0,30,0.7,112,7,8,1122,1702,2440,9,5,10,1,1,1,1
1673,1,1.6,0,2,0,42,0.5,182,5,6,214,679,3094,12,4,20,0,0,0,1
563,1,0.5,1,2,1,41,0.9,145,5,6,1263,1716,2603,11,2,9,1,1,0,1
1413,0,0.6,0,0,1,13,0.1,128,1,0,1323,1481,515,5,0,18,1,1,0,0
1565,1,0.5,0,0,0,38,0.1,121,5,1,781,1364,308,19,17,7,1,1,1,0
1058,0,1.5,0,2,0,19,0.4,166,4,14,493,1247,418,9,7,16,0,0,1,0
1958,0,0.5,0,6,1,52,0.4,153,1,14,1524,1848,3064,7,6,3,1,0,0,1
790,0,2.0,1,16,1,11,0.3,87,6,17,347,730,3169,6,1,2,1,0,1,1
1062,1,2.5,1,6,0,10,0.9,160,1,13,1596,1807,3803,7,3,16,0,0,1,1
1617,1,2.6,0,14,0,29,0.9,113,6,20,283,676,3685,13,1,18,0,0,0,1
1841,1,1.3,1,6,0,14,0.6,167,8,8,593,672,2304,7,1,18,0,0,1,1
1207,0,0.5,0,0,0,58,0.3,112,8,0,406,681,503,7,3,5,1,1,0,0
563,0,2.0,1,3,0,47,0.3,115,7,12,211,684,3012,14,4,15,1,0,0,1
1579,1,1.5,0,0,0,27,0.2,142,6,18,831,1484,1713,16,4,10,1,1,1,0
609,1,0.5,0,4,1,10,0.1,81,6,6,113,1524,1905,16,3,18,1,1,1,0
838,0,0.5,0,1,1,13,0.1,196,8,4,984,1850,3554,10,9,19,1,0,1,1
708,1,2.7,1,0,1,63,1.0,195,8,7,78,654,2169,6,5,7,1,1,1,0
1722,1,1.0,0,7,0,25,0.8,88,6,19,1179,1638,2376,5,1,19,0,0,1,1
1702,0,1.0,0,7,0,36,0.1,177,5,9,1240,1931,1430,8,6,10,0,0,0,1
508,0,0.8,0,7,1,42,0.3,94,1,8,39,557,663,13,12,7,1,0,0,0
914,1,0.9,0,2,0,4,0.8,100,2,12,191,1495,808,11,7,5,1,1,0,0
659,0,2.2,0,0,1,24,0.7,151,8,2,924,1877,3925,8,1,10,1,1,1,1
1310,1,2.3,1,6,0,57,0.9,135,8,9,449,889,1175,16,0,8,0,0,0,0
1876,0,0.5,0,10,1,40,0.3,86,6,14,546,1564,2513,10,8,16,1,1,0,1
1122,0,1.2,0,9,0,2,0.6,120,4,14,331,790,3291,11,2,13,1,1,1,1
1936,0,2.1,1,10,1,46,0.6,104,3,20,667,1036,2552,14,7,13,1,0,0,1
617,1,2.3,0,0,0,32,0.5,199,7,20,768,874,2213,18,13,7,0,0,0,0
536,0,2.4,1,12,1,3,0.3,182,7,14,1386,1539,284,12,9,4,1,1,0,0
1778,0,1.4,1,3,1,45,1.0,132,4,17,88,516,1624,15,13,9,1,1,0,0
1358,0,2.5,1,0,0,20,0.6,135,7,0,1485,1655,3406,5,1,11,0,0,1,1
1067,1,2.4,1,3,1,40,0.6,122,8,15,494,1989,604,16,14,11,1,0,0,0
868,0,1.7,0,0,0,30,0.8,83,4,0,276,1026,1653,11,7,17,1,0,0,0
1271,0,0.5,1,2,0,54,0.1,159,8,3,613,650,990,14,11,6,0,1,1,0
1266,0,2.6,0,1,0,18,0.4,86,7,2,1187,1595,398,16,8,3,1,1,1,0
955,0,0.5,1,4,0,43,0.9,143,5,8,1248,1511,1432,12,9,9,1,1,1,0
609,0,0.5,0,3,0,26,0.3,93,4,4,938,1948,1866,11,10,14,1,1,1,0
1576,1,2.2,0,8,0,5,0.7,139,3,17,258,789,3904,5,1,7,1,1,1,1
825,0,0.5,1,0,1,23,0.1,86,2,0,206,1917,3278,8,6,2,1,0,1,1
1402,1,0.6,1,3,0,46,0.3,87,7,12,1081,1767,347,17,0,12,1,0,1,0
1254,0,1.7,0,0,1,45,0.4,146,3,3,1571,1956,606,7,2,2,1,1,1,0
1945,0,1.6,0,4,0,21,0.7,113,3,10,280,895,3015,6,1,15,0,0,0,1
1064,0,2.9,1,1,1,34,0.2,184,6,13,1175,1569,654,16,13,6,1,0,0,0
1642,1,1.6,1,0,0,5,0.4,102,5,2,1686,1889,1333,18,0,2,0,0,1,1
1414,0,2.0,1,2,0,54,0.8,99,7,3,262,829,3799,17,7,7,1,0,1,1
984,1,2.2,1,0,1,39,0.5,119,8,18,56,1931,2013,11,7,16,1,1,0,0
1589,1,2.2,1,2,0,58,0.1,128,4,4,957,1911,3961,16,14,14,1,0,1,1
1831,1,2.3,0,3,1,44,0.2,148,7,14,437,1113,2460,10,5,18,1,0,0,1
805,1,1.7,1,0,1,58,0.9,168,3,10,81,1544,3397,7,6,2,1,0,0,1
1010,1,2.0,1,2,1,8,0.9,139,5,3,547,957,2625,15,11,12,1,1,0,1
1821,0,1.7,0,4,1,10,0.8,139,8,10,381,1018,3220,13,8,18,1,0,1,1
503,1,1.8,1,1,1,13,0.7,131,1,4,1495,1688,3117,19,6,9,1,0,1,1
1715,0,1.3,0,0,1,12,0.3,94,8,6,1224,1676,1633,15,10,5,1,1,1,1
1992,1,1.6,0,5,1,57,1.0,100,2,15,1552,1596,606,9,3,4,1,1,1,0
1884,0,1.0,1,3,0,24,0.5,149,6,4,1168,1179,1396,15,8,9,1,1,1,0
626,1,2.8,1,3,1,11,0.8,109,2,9,737,1759,1077,6,1,4,1,0,1,0
899,0,0.5,1,13,1,57,0.9,172,2,18,788,1331,364,11,1,7,1,1,0,0
1658,1,1.4,1,0,1,38,0.3,159,5,0,51,739,2609,12,11,19,1,0,0,1
541,1,2.3,0,4,0,51,0.4,200,8,17,1012,1226,403,11,2,12,0,0,0,0
569,1,0.5,1,10,1,4,0.8,170,3,19,351,1159,2351,8,7,10,1,1,0,0
1263,1,2.0,0,0,0,5,0.4,146,6,3,954,1609,1958,9,6,4,1,1,1,1
696,1,2.4,0,11,1,35,0.2,103,3,13,533,797,2022,14,11,4,1,0,1,0
1667,0,1.0,1,0,1,21,0.9,138,2,0,1211,1396,635,17,7,15,1,0,0,0
1724,1,1.8,0,0,1,9,0.8,100,2,1,655,828,3056,18,16,6,1,0,0,1
855,1,0.5,0,2,1,59,0.5,159,2,3,1028,1196,1875,16,8,8,1,1,1,0
1230,1,1.6,0,0,1,48,0.7,111,7,2,1960,1963,1622,18,17,16,1,1,1,1
774,1,0.6,1,2,1,8,0.4,136,1,4,1713,1865,2614,7,0,14,1,1,1,1
1853,1,1.0,0,2,0,23,0.4,92,1,15,202,1951,2775,14,4,17,1,0,0,1
892,1,0.5,0,0,1,47,0.4,94,1,18,655,1782,1241,12,3,9,1,0,1,0
1856,0,0.5,1,0,1,24,0.1,155,5,1,277,1155,2052,17,6,10,1,1,0,1
1860,1,2.3,0,15,0,23,0.6,162,4,16,1362,1506,3918,9,2,8,0,1,0,1
1330,0,0.5,0,0,0,38,1.0,183,7,1,1290,1441,1733,9,0,11,1,0,1,0
733,0,0.8,0,7,0,16,0.4,138,4,12,202,1787,2648,12,0,19,1,1,0,1
1348,1,2.0,1,5,0,36,0.3,145,6,6,468,741,2554,19,1,12,0,1,0,1
1928,1,1.8,0,9,1,19,1.0,187,3,20,691,1580,3777,7,2,13,1,1,1,1
704,1,2.7,0,8,1,29,0.2,80,1,10,1108,1509,1122,9,3,10,1,1,1,0
1068,0,1.3,0,6,1,52,0.1,97,8,7,994,1500,1436,16,1,15,1,0,0,0
1349,1,2.2,1,5,0,55,0.1,105,7,7,648,1019,2462,15,7,17,1,0,1,1
1686,1,0.5,1,4,0,28,0.8,182,5,8,599,1073,780,11,10,5,0,0,0,0
1678,1,2.3,1,11,0,7,0.5,192,1,14,418,1763,574,5,3,19,1,0,0,0
720,1,0.9,1,12,1,14,0.8,165,4,14,366,1234,1086,14,7,3,1,1,0,0
1923,0,1.3,0,3,0,24,1.0,86,4,4,874,1264,2479,9,2,15,1,1,0,1
947,0,0.8,1,0,1,22,0.1,197,2,13,1176,1220,2842,16,12,2,1,0,0,1
1630,1,2.8,1,0,1,32,0.9,80,6,1,712,1726,1751,12,10,20,1,0,1,1
1110,0,1.5,0,4,1,41,0.1,152,3,16,800,1455,2572,16,5,16,1,0,1,1
1398,0,1.6,1,8,1,26,0.8,150,1,12,755,1284,3488,14,3,11,1,1,0,1
825,1,1.5,0,11,0,38,0.4,94,3,18,540,783,716,11,4,14,0,1,0,0
1559,1,1.3,1,10,1,10,0.3,114,8,17,117,681,2203,7,5,15,1,1,1,0
907,1,2.6,1,7,0,44,0.2,160,3,12,144,896,3911,13,6,8,0,0,0,1
1108,1,1.3,1,14,1,2,0.3,169,7,20,208,1742,1229,5,3,4,1,1,0,0
1358,1,0.5,0,11,1,36,0.3,155,4,14,1565,1858,3068,9,4,4,1,1,0,1
1039,1,2.7,0,11,0,56,0.3,125,8,13,497,618,3105,14,8,5,0,1,1,1
1421,0,2.8,0,0,1,57,0.4,165,1,2,781,1657,2775,13,8,14,1,0,1,1
1408,1,2.1,1,10,0,45,0.9,89,5,14,613,1088,3952,8,6,3,0,0,1,1
1288,0,0.5,1,3,1,61,0.2,115,6,6,988,1503,1882,16,6,10,1,0,1,1
947,1,0.5,0,1,1,51,0.1,144,2,15,193,887,2915,17,1,6,1,1,1,1
818,0,0.5,1,2,1,23,0.2,192,5,17,586,1552,2518,19,12,3,1,1,0,1
1617,0,1.5,0,1,1,63,0.7,111,2,10,274,1079,2754,19,10,8,1,1,1,1
673,1,1.9,0,13,1,35,0.4,142,6,14,1096,1570,3541,18,17,4,1,0,1,1
864,1,3.0,1,0,1,54,0.7,187,2,1,127,1670,3121,18,2,16,1,1,1,1
1794,1,0.5,1,5,1,55,0.5,86,7,7,43,627,402,14,7,14,1,0,1,0
802,1,2.4,1,1,0,45,0.8,157,3,9,1299,1633,3713,8,3,8,0,0,0,1
1347,0,2.9,0,5,0,44,0.6,132,1,14,434,967,2484,18,2,11,1,0,1,1
1564,0,1.5,1,1,0,42,0.7,108,2,2,1619,1962,3376,7,0,7,0,1,0,1
1095,1,0.5,0,4,0,45,0.5,197,1,5,179,1247,560,9,1,10,1,1,0,0
1178,0,2.2,1,6,0,57,0.3,84,3,17,96,1352,2492,16,14,10,1,1,0,1
793,0,1.2,1,1,1,38,0.6,176,4,7,1226,1815,3139,6,1,12,1,1,1,1
793,1,1.9,1,0,1,43,0.3,124,8,2,15,1196,1050,11,9,3,1,1,1,0
981,1,1.9,1,0,0,2,0.1,136,3,7,75,688,1539,19,12,19,0,0,0,0
1429,0,0.6,0,8,0,42,0.9,151,5,9,670,1552,1817,6,1,16,1,0,0,0
523,0,2.6,1,1,0,14,0.1,155,8,2,304,1042,1427,9,1,9,0,1,0,0
902,1,0.6,1,0,0,63,0.7,122,5,14,364,1360,3654,18,8,15,0,1,1,1
1225,1,2.1,1,8,0,13,0.5,116,4,12,759,1404,3836,12,11,11,0,0,0,1
772,0,2.6,1,7,0,6,0.1,100,2,10,741,1471,929,13,6,18,0,1,1,0
571,0,0.6,0,1,1,43,0.5,141,3,8,224,783,2587,7,5,18,1,0,0,0
1068,0,2.7,1,0,1,45,0.6,194,5,1,935,1499,1754,17,7,9,1,0,1,0
880,0,0.5,1,1,0,44,0.5,172,8,15,436,1302,3132,8,7,6,0,1,1,1
1524,1,1.8,1,0,0,10,0.6,174,4,1,154,550,2678,16,5,13,1,0,1,1
1881,0,2.2,0,4,0,51,0.3,158,5,7,477,1553,1229,12,0,14,1,0,0,0
904,0,1.8,0,3,1,35,0.4,168,3,4,42,507,1360,15,12,11,1,0,0,0
1910,1,1.7,0,0,0,34,0.6,115,2,0,985,1284,309,8,4,10,0,0,1,0
518,0,0.8,1,0,0,3,0.1,178,7,1,437,1947,2832,5,0,8,1,0,1,1
1084,1,2.6,0,3,1,40,0.9,107,3,11,322,771,1945,15,4,10,1,1,0,0
1150,1,2.7,0,0,0,39,0.4,151,8,1,397,800,999,6,2,11,1,1,0,0
1576,1,0.9,1,0,1,14,0.4,173,2,4,1213,1386,3220,17,2,6,1,1,0,1
1672,1,1.7,1,1,1,44,0.5,172,8,4,1250,1435,1348,11,6,7,1,1,1,0
999,1,1.8,1,0,1,27,0.1,167,4,1,20,745,1344,17,10,5,1,0,0,0
914,1,0.5,0,0,1,26,0.7,147,4,0,706,721,1122,12,9,2,1,1,1,0
680,1,2.1,1,9,1,9,0.1,131,3,11,1428,1500,2438,14,2,17,1,0,0,1
1190,0,2.0,1,0,0,40,0.2,93,5,1,1399,1646,3610,13,7,9,0,0,1,1
1757,0,0.5,0,8,0,49,0.5,180,6,14,265,713,2056,7,5,4,0,0,0,0
1379,1,1.5,0,6,1,9,0.8,118,8,13,98,755,1693,11,4,18,1,0,1,0
1703,1,0.5,0,0,1,22,0.6,192,1,0,286,1235,1046,5,4,13,1,0,1,0
1180,1,1.2,0,5,1,50,1.0,144,4,20,925,1252,1464,7,3,20,1,1,1,0
1278,1,1.0,0,7,1,24,0.8,170,3,16,1352,1775,3141,6,2,11,1,1,1,1
1171,1,1.7,1,2,0,19,0.3,167,7,19,248,755,263,6,5,8,0,0,0,0
1940,1,0.9,1,4,0,17,0.7,93,5,7,112,858,2297,14,6,8,0,1,0,1
514,1,1.6,0,7,1,37,0.1,172,1,9,956,1723,3392,12,8,5,1,1,1,1
691,1,2.7,1,4,1,33,0.9,108,4,8,951,962,424,5,3,15,1,1,1,0
1149,1,2.2,0,4,0,30,0.2,106,6,5,1617,1675,3755,17,14,8,1,0,0,1
1698,0,2.5,0,10,1,26,0.4,105,2,18,485,1819,1656,5,3,17,1,0,1,1
840,0,0.9,1,6,0,33,0.7,150,6,7,1482,1591,2072,10,8,19,0,1,0,1
1299,0,2.8,1,2,0,60,0.8,187,8,6,1333,1838,1412,13,1,20,0,1,1,0
767,0,1.9,0,16,1,19,0.2,185,6,17,271,1000,2445,6,1,6,1,1,1,0
903,0,1.0,1,0,1,50,0.4,91,1,0,1230,1235,711,9,5,10,1,1,0,0
534,0,0.5,1,4,0,2,0.2,85,5,16,911,1220,2466,5,3,18,0,1,1,1
909,1,0.5,1,9,0,30,0.4,97,3,10,290,773,594,12,0,4,1,1,1,0
1554,1,0.5,1,11,0,5,1.0,124,3,12,395,1579,3635,7,4,18,0,0,0,1
1428,1,1.6,0,0,0,7,0.1,153,4,2,584,983,1808,12,8,13,0,1,0,0
839,0,2.0,1,0,0,14,0.4,175,7,3,564,1391,3835,15,8,11,1,0,0,1
1174,1,0.9,0,7,0,30,1.0,147,4,20,744,1244,804,17,14,16,0,1,1,0
1686,1,2.8,1,3,0,38,0.1,166,4,4,397,1453,2958,14,11,2,0,0,0,1
642,1,0.5,0,0,1,38,0.8,86,5,10,887,1775,435,9,2,2,1,1,0,0
1379,0,0.5,1,1,0,19,0.3,134,8,17,387,671,3912,11,2,19,0,1,1,1
936,1,2.3,0,5,1,57,0.2,129,2,6,657,938,2049,12,8,5,1,1,0,0
1229,0,0.5,1,15,0,14,0.8,191,2,16,120,1878,1667,17,6,17,0,0,1,0
848,1,2.8,0,1,0,8,0.1,103,7,3,7,1294,436,10,6,15,1,1,1,0
864,0,1.7,0,3,1,35,0.3,103,3,7,663,1805,1904,12,8,13,1,1,1,0
1702,1,2.3,0,12,1,52,0.5,145,2,15,1397,1491,2501,16,12,4,1,0,0,1
1313,1,1.8,1,4,0,9,0.4,105,1,6,416,1308,3791,11,10,6,0,1,1,1
1874,1,2.7,1,10,0,8,0.9,166,7,13,964,1233,1246,8,1,2,0,0,1,0
990,1,2.7,1,3,0,15,0.9,153,2,7,1466,1717,2698,11,8,6,1,0,0,1
541,0,1.0,0,0,1,10,0.4,127,4,0,1836,1873,1019,19,9,15,1,1,0,0
1958,1,1.9,1,0,0,4,0.2,190,2,3,304,637,1409,16,5,3,0,0,0,0
1899,1,0.6,0,0,0,26,0.1,151,2,0,96,814,336,13,11,4,1,0,1,0
797,0,2.2,1,0,0,37,0.9,144,7,2,206,1167,2216,9,5,6,1,0,0,0
771,0,2.9,0,2,0,62,0.7,106,1,8,1709,1781,1628,9,3,6,0,1,0,0
1558,1,2.5,0,2,1,32,0.1,114,5,3,322,1385,878,16,5,17,1,1,1,0
1523,1,1.8,0,6,1,11,0.1,129,1,8,148,1606,707,19,8,19,1,1,0,0
856,1,1.1,1,14,1,19,0.7,125,6,19,1057,1931,650,17,0,10,1,0,1,0
798,0,2.4,0,5,0,4,0.2,96,3,9,526,643,2965,15,7,14,1,1,0,1
1042,0,2.2,0,15,1,11,0.6,139,5,16,68,1018,2826,18,0,2,1,0,0,1
1062,0,1.5,0,3,0,45,0.2,151,3,4,798,1435,911,14,2,9,0,0,0,0
771,1,0.5,1,0,1,33,0.1,157,3,17,776,1247,920,16,2,10,1,1,1,0
742,0,2.2,1,4,0,56,0.2,190,7,14,577,1359,3557,16,11,12,0,1,1,1
1698,0,2.8,0,10,1,7,0.8,131,8,12,26,508,2992,15,3,17,1,1,0,1
1413,0,0.5,1,5,0,51,0.3,117,5,11,187,517,3383,16,5,2,0,0,0,1
1426,1,2.5,0,2,1,55,0.4,109,1,7,777,1032,2562,5,1,3,1,0,0,1
1225,0,0.7,1,0,1,2,0.6,138,7,1,217,1101,2675,12,11,15,1,1,0,1
1414,0,2.6,0,1,0,27,0.6,137,4,20,804,1564,312,5,2,8,0,0,1,0
1063,0,1.5,0,7,0,3,0.9,155,4,10,394,849,1919,12,10,20,1,1,0,0
553,0,2.4,1,1,1,8,0.5,121,7,3,325,902,1204,11,4,8,1,1,1,0
1872,1,0.9,1,0,0,16,0.5,80,2,2,286,1484,2295,15,11,16,0,0,1,1
1800,1,3.0,0,5,0,53,0.3,87,1,12,191,1108,656,14,10,18,0,0,1,0
1160,0,1.1,0,1,1,63,0.7,166,3,2,762,859,595,18,4,15,1,0,1,0
911,1,2.2,1,1,1,28,0.5,182,2,2,157,763,2638,8,4,13,1,1,1,0
1539,1,2.6,0,0,0,41,0.1,159,8,0,1112,1666,2107,15,9,10,1,0,1,1
946,0,2.1,0,0,1,19,0.2,154,8,0,159,630,2104,7,4,16,1,1,0,0
508,0,1.6,1,0,0,9,0.4,162,6,2,1419,1920,2616,18,8,10,1,1,1,1
1221,0,2.3,0,7,1,35,0.4,152,7,19,765,1899,2638,19,16,14,1,1,1,1
1974,0,1.0,0,4,0,24,0.3,80,7,13,250,545,861,7,4,6,1,0,1,0
1836,1,1.7,1,3,0,26,0.1,134,6,16,408,1139,3097,5,0,18,0,1,0,1
899,1,2.7,0,3,1,53,0.3,192,4,11,641,1638,2870,19,16,10,1,0,1,1
642,0,2.8,0,3,0,34,0.8,197,2,15,331,1011,3355,12,5,13,0,0,0,1
1469,0,2.1,0,0,0,8,0.7,123,7,0,398,1133,1052,8,1,3,0,1,0,0
1095,1,2.6,1,0,1,44,0.7,103,4,5,838,1066,3209,13,11,8,1,1,1,1
911,0,1.4,1,3,0,14,0.7,199,4,4,1563,1692,2933,16,3,11,0,1,0,1
1504,0,1.9,1,7,1,25,0.3,152,4,9,395,1853,1788,13,11,13,1,0,1,0
1732,0,0.8,0,2,0,61,0.3,172,5,3,201,656,3940,17,11,20,0,1,1,1
733,1,0.6,1,0,0,63,0.3,105,7,10,950,1739,984,17,4,9,1,0,1,0
1569,1,1.6,1,4,1,54,0.9,190,4,6,371,665,3905,6,2,4,1,0,0,1
1654,1,1.5,1,0,1,43,0.3,109,2,0,546,629,3112,12,5,10,1,1,0,1
1470,0,2.2,1,4,1,33,0.4,138,7,10,1790,1988,1633,18,4,4,1,0,0,1
1840,0,0.5,1,12,0,34,0.7,142,1,16,311,1545,1078,8,0,10,0,0,0,0
1066,0,3.0,1,6,1,5,0.5,167,5,7,53,1504,1044,8,7,11,1,0,0,0
569,0,0.6,1,2,0,39,0.1,184,8,9,389,739,2811,7,6,7,1,0,1,0
1177,0,0.9,0,1,1,29,0.4,191,2,8,178,882,311,18,5,19,1,0,0,0
630,0,2.0,0,9,1,14,0.5,180,8,13,66,1448,1212,12,8,12,1,0,0,0
1193,1,2.3,0,7,0,20,1.0,158,7,13,1442,1904,1958,7,5,2,1,0,0,1
1864,0,2.2,0,0,1,7,0.1,142,1,2,225,1545,2258,10,1,10,1,0,0,1
1100,1,1.6,0,12,0,15,0.1,112,8,14,919,1344,757,12,2,16,1,1,1,0
994,1,2.8,1,0,0,56,0.5,173,3,3,491,530,3190,5,2,20,1,1,1,1
1083,1,2.9,1,1,1,64,0.8,178,3,11,1025,1118,3210,13,3,4,1,0,0,1
1034,1,2.7,1,6,0,37,0.7,120,7,20,707,1199,3625,17,1,12,0,1,1,1
1895,0,0.5,0,2,1,5,0.7,134,1,11,725,1335,774,15,4,6,1,1,0,0
837,0,2.4,1,1,0,51,0.2,104,5,15,638,1831,594,16,6,20,1,0,1,0
1982,0,1.1,0,12,0,24,0.1,129,7,16,764,1873,3511,16,14,15,1,1,1,1
1849,1,2.3,0,7,1,15,0.4,144,5,19,606,1123,3447,14,11,19,1,0,1,1
1883,0,1.6,0,9,0,24,0.1,87,1,16,203,915,3563,17,10,3,0,0,0,1
1712,0,1.4,0,1,0,63,0.5,137,7,12,747,1126,3652,16,1,19,1,0,0,1
593,0,0.5,0,6,0,31,0.4,156,7,7,1233,1317,1692,6,2,7,1,0,0,0
1576,1,2.0,0,0,1,20,0.6,148,3,0,410,1551,1379,17,1,16,1,0,1,0
1277,0,3.0,0,0,1,41,0.3,200,4,3,902,1090,429,9,4,14,1,1,1,0
793,1,2.8,1,1,1,64,0.4,179,4,2,818,1006,2296,12,0,5,1,1,0,0
1854,0,0.9,1,0,1,33,0.4,195,1,0,665,718,1675,14,12,9,1,0,1,0
1328,1,0.5,0,5,1,27,0.3,144,3,18,602,1156,2674,7,2,5,1,0,1,1
594,0,0.8,0,2,1,28,0.1,132,5,3,1011,1263,3087,16,4,4,1,1,1,1
1371,0,0.5,0,4,0,52,0.5,167,4,19,471,663,3034,13,6,8,0,0,0,1
713,0,0.9,1,0,0,42,0.1,94,1,14,1048,1123,928,12,10,9,0,0,1,0
635,1,0.6,1,1,1,50,0.3,97,5,13,193,989,2107,13,12,12,1,0,0,0
1983,1,0.5,1,3,0,43,1.0,87,6,10,349,676,2775,9,4,3,0,1,1,1
1074,0,2.4,1,2,1,9,0.9,103,6,14,946,952,1948,13,1,18,1,1,1,0
1068,0,0.5,1,0,1,19,0.9,197,8,9,322,875,1209,19,12,12,1,1,0,0
1880,0,0.5,0,0,1,7,0.6,104,4,1,890,1019,2968,9,0,3,1,1,0,1
961,1,1.5,1,10,0,51,0.3,152,6,16,554,621,2981,15,6,7,1,1,1,1
1309,0,1.1,1,0,0,33,0.5,100,4,14,557,1402,2334,10,1,11,1,0,1,1
1436,0,2.5,1,0,1,42,0.9,124,8,1,1826,1836,2736,12,5,19,1,1,0,1
1979,1,1.6,1,0,0,32,0.2,165,7,1,833,1630,452,13,6,14,0,1,0,0
1983,1,1.2,1,6,1,27,0.6,125,1,11,370,1197,3897,12,10,10,1,1,1,1
769,0,0.5,1,12,1,54,0.2,112,4,19,1385,1780,941,15,8,20,1,0,1,0
537,1,2.0,0,1,1,55,0.3,103,7,2,1041,1430,2029,10,5,12,1,1,1,0
568,0,2.0,0,1,0,36,0.3,179,3,4,181,1703,950,17,9,9,1,0,0,0
557,1,1.6,0,0,0,24,0.5,125,3,0,1131,1315,1305,12,8,3,1,0,1,0
1063,0,1.4,1,2,1,48,1.0,128,5,4,127,683,2910,15,13,9,1,1,1,1
1793,0,0.7,1,11,0,27,0.4,154,5,13,586,722,1370,16,3,19,1,0,1,0
1158,0,0.7,1,1,1,29,0.7,123,2,20,311,1796,1542,17,9,15,1,0,1,0
1035,1,1.9,1,8,0,11,1.0,173,6,10,831,1709,2002,17,8,5,1,1,0,0
1954,0,0.5,1,0,0,24,0.8,187,4,0,512,1149,700,16,3,5,1,1,1,0
622,0,0.7,0,0,1,9,0.3,127,2,0,98,511,3916,13,1,5,1,0,1,1
1615,1,2.8,0,3,0,9,0.9,117,1,13,542,678,2948,8,3,3,1,1,0,1
729,1,2.0,0,0,0,14,0.6,135,6,2,563,1055,3397,19,15,17,1,0,1,1
1730,0,2.0,1,0,1,20,0.1,143,4,10,418,1023,1595,14,0,12,1,1,0,0
1456,0,1.6,1,5,0,49,0.2,193,3,20,1285,1427,3624,12,11,16,1,1,0,1
1547,1,2.9,0,2,0,57,0.4,114,1,3,347,957,1620,9,2,19,0,1,1,0
1552,0,1.2,0,10,1,53,0.3,180,8,18,430,658,2606,13,6,12,1,0,0,1
1571,0,2.9,0,1,0,30,0.9,150,7,3,805,956,586,10,9,4,0,1,1,0
787,1,0.5,0,15,0,11,0.6,93,1,16,806,1423,2934,8,6,14,1,0,1,1
1677,0,1.8,1,4,0,11,0.7,124,6,8,271,1477,3771,15,6,12,1,0,0,1
1861,1,0.9,0,4,1,55,0.5,148,7,8,1698,1877,601,7,5,4,1,0,0,0
1777,0,2.2,1,0,0,15,0.2,100,4,7,553,874,1552,10,8,10,1,1,0,0
1893,1,0.5,1,1,0,23,0.1,179,8,3,1203,1432,1482,15,7,17,0,1,0,1
1442,0,0.6,1,1,0,27,0.4,127,5,8,266,642,991,14,8,7,1,0,0,0
1183,1,0.5,1,3,1,48,0.1,120,8,12,268,1010,1152,8,3,3,1,0,0,0
786,0,2.2,1,0,0,33,0.5,141,7,6,507,1697,2390,12,11,5,1,0,1,1
1549,1,1.5,1,0,1,27,0.4,113,5,7,632,1162,436,10,8,11,1,0,0,0
628,1,1.8,0,5,0,60,0.2,87,6,6,1047,1534,1337,12,7,14,0,1,0,0
1063,1,2.5,0,0,1,31,0.9,95,6,10,295,935,961,16,6,5,1,1,0,0
1008,0,2.5,0,3,0,36,1.0,109,1,14,825,1972,1083,6,4,6,0,0,0,0
1741,1,0.5,0,1,1,55,0.1,140,5,3,719,755,2575,13,10,7,1,1,1,1
1969,0,0.8,1,5,1,7,0.2,85,8,20,332,764,315,16,7,7,1,1,0,0
1670,1,3.0,0,14,0,62,0.5,114,8,20,1117,1330,3024,6,0,20,0,0,1,1
969,0,1.8,1,2,1,44,0.6,158,3,7,167,909,641,9,1,8,1,0,1,0
501,0,2.3,0,12,1,54,0.3,131,4,19,504,1089,2346,13,12,2,1,0,1,0
1362,1,2.9,0,0,0,47,0.5,186,6,4,600,1042,3629,19,17,5,0,1,1,1
1054,0,1.1,1,10,1,38,0.4,136,6,12,1097,1222,1675,18,4,14,1,1,1,0
1347,0,0.9,1,8,1,53,0.8,108,6,15,961,1008,3836,15,3,14,1,0,1,1
940,0,2.9,0,0,0,16,0.7,115,4,1,499,1090,2192,15,13,9,1,1,1,0
1179,1,0.8,0,1,0,5,0.9,154,5,17,913,1429,543,8,7,18,0,0,1,0
1644,0,2.8,0,0,1,44,1.0,137,8,0,358,791,2360,7,4,19,1,0,0,1
1429,0,1.5,1,0,1,40,0.9,100,3,14,246,820,3945,11,7,18,1,0,1,1
1312,0,1.3,0,5,1,10,0.6,163,2,9,95,893,3941,6,2,13,1,1,1,1
875,1,0.7,1,1,0,30,0.7,146,8,8,469,853,702,19,15,15,1,1,1,0
1905,1,0.5,0,3,1,6,0.5,151,1,5,849,898,1545,9,5,10,1,1,0,0
833,1,0.6,1,0,1,27,0.3,145,4,2,649,1290,586,19,8,19,1,0,1,0
1966,0,0.8,1,15,1,48,0.2,144,1,16,1242,1973,1252,6,4,19,1,1,1,1
1778,0,0.5,0,0,0,15,0.5,102,3,0,1445,1954,1214,5,0,14,1,0,0,0
1773,1,2.5,0,16,1,32,0.6,170,6,18,1215,1472,3566,17,6,13,1,0,1,1
1266,0,1.9,1,0,1,7,0.2,184,3,12,346,1468,2532,10,5,4,1,1,1,1
1721,1,0.5,1,4,1,33,0.5,128,4,5,871,1048,707,19,2,5,1,1,1,0
1048,1,1.5,0,2,1,29,1.0,182,1,4,29,1670,2146,11,10,2,1,0,0,0
1348,0,1.3,0,0,0,43,0.4,116,5,6,204,501,3914,10,3,8,1,0,1,1
596,0,2.1,1,9,0,64,0.8,111,8,15,885,1854,3238,16,13,10,0,0,0,1
1166,0,1.5,1,0,1,43,0.8,80,4,1,205,603,3993,7,1,7,1,1,0,1
1816,1,1.6,1,0,0,50,0.1,186,5,2,800,1089,3637,11,7,16,0,0,1,1
1709,1,0.8,0,8,1,58,0.8,136,2,10,956,1292,1781,18,3,17,1,0,0,1
1097,0,0.8,0,10,1,21,0.1,160,7,15,1277,1352,2219,15,6,12,1,0,1,1
1811,1,2.5,0,4,1,5,0.6,98,4,16,447,568,2700,13,7,8,1,1,1,1
1430,0,0.5,1,1,0,27,0.5,183,1,16,1132,1182,2832,7,1,15,0,1,1,1
1497,1,0.9,1,4,1,10,0.1,153,8,20,98,977,3696,9,0,3,1,0,1,1
879,0,1.5,1,0,1,21,0.8,187,4,2,463,1038,2927,14,13,11,1,0,1,1
1403,1,2.5,1,3,0,62,0.9,90,4,13,217,1623,921,14,13,18,1,0,0,0
664,0,1.2,1,0,0,28,0.9,106,5,5,754,1497,2042,17,15,19,1,1,0,0
1959,0,0.5,1,5,0,18,0.7,191,6,20,65,1055,619,7,4,8,1,1,1,0
880,0,1.7,0,2,0,6,0.6,198,4,19,632,660,3006,6,4,3,1,0,0,1
1043,0,2.7,0,3,0,29,0.2,83,8,17,887,893,1183,5,3,8,1,0,0,0
1991,0,2.8,0,3,1,15,0.1,181,1,13,298,1037,1861,8,5,17,1,1,1,0
1871,0,2.1,0,4,1,41,0.4,144,8,5,275,1966,2727,15,8,11,1,0,0,1
1283,1,1.6,1,4,0,47,0.9,93,5,5,372,692,2698,9,6,17,1,1,0,1
618,0,1.1,0,11,1,45,0.2,188,3,20,1175,1586,2339,19,2,10,1,1,0,1
1177,0,0.9,0,1,0,11,1.0,181,4,7,945,1923,1887,8,5,11,1,1,1,0
664,1,1.1,1,1,1,51,0.1,110,7,4,701,1478,3629,19,15,6,1,1,1,1
1884,0,2.1,1,7,1,43,0.8,185,1,18,451,819,3619,14,8,7,1,1,1,1
1273,0,1.0,0,3,1,48,0.4,99,4,15,490,886,1767,18,15,11,1,1,0,0
891,0,0.5,1,9,1,25,0.3,196,2,19,375,1724,2073,7,1,10,1,0,1,0
1510,1,2.5,1,11,0,47,0.7,138,2,13,118,1170,887,18,6,5,0,0,0,0
1066,0,1.6,0,5,0,39,0.6,131,5,17,401,1586,2728,6,0,17,1,1,1,1
1878,0,1.5,1,5,1,56,0.3,139,5,13,183,559,2711,8,2,3,1,1,1,1
564,0,3.0,1,1,0,8,0.7,130,2,3,853,1737,2227,9,2,14,1,0,1,0
1820,1,1.7,1,0,1,64,0.6,161,1,3,1157,1951,574,10,2,18,1,1,0,0
525,0,2.4,1,11,0,35,0.8,190,7,20,82,670,1609,16,11,3,0,0,0,0
1584,1,1.3,0,6,0,41,0.6,135,4,15,160,1291,1561,10,5,17,0,0,1,0
1640,0,0.5,1,1,1,36,0.9,87,8,11,664,1806,3235,6,1,10,1,0,1,1
1772,1,0.5,1,3,0,64,0.7,116,8,15,270,545,1834,5,2,20,0,1,1,0
1312,1,0.8,1,0,0,24,0.9,156,6,0,115,1791,3833,14,13,17,0,1,0,1
868,1,0.9,0,5,0,5,0.4,137,4,7,40,1311,1519,13,0,2,0,0,1,0
561,1,1.0,0,0,0,11,0.1,163,8,10,492,1176,3421,16,2,5,1,1,1,1
973,1,1.5,0,5,1,57,0.2,190,7,16,457,1816,2977,6,4,2,1,0,0,1
1112,0,0.5,0,0,1,12,0.9,190,4,6,777,1119,3302,11,0,20,1,1,1,1
1504,0,1.5,0,12,1,34,0.7,142,8,15,507,973,2806,7,2,7,1,0,1,1
1092,0,2.7,1,8,0,45,0.8,185,1,10,1404,1424,1303,12,3,20,0,1,1,0
1986,0,0.5,1,3,1,51,0.1,165,8,20,282,1358,1614,17,12,3,1,1,1,0
1779,1,2.6,1,2,0,5,0.8,90,1,3,1225,1717,1246,12,2,20,0,1,0,0
1742,1,0.5,1,5,1,43,0.9,176,3,7,356,1407,1921,9,2,3,1,1,0,1
1717,1,1.3,0,1,0,62,0.7,130,1,3,609,810,3226,6,4,5,0,1,0,1
1059,0,2.4,0,8,0,61,0.1,134,3,18,1613,1916,3716,15,13,11,1,1,0,1
683,1,2.1,0,7,0,30,0.1,197,7,8,927,1135,2066,9,0,15,0,0,0,0
926,1,0.8,0,6,1,59,0.8,161,7,14,84,793,256,18,7,2,1,0,1,0
598,0,2.3,1,7,0,21,0.7,196,2,10,680,1173,3293,8,4,7,1,0,1,1
1969,0,1.2,1,9,0,63,0.2,132,4,11,390,756,298,10,1,10,1,1,0,0
1512,1,1.7,0,12,0,6,0.7,162,7,17,205,884,2335,15,7,7,1,1,1,1
946,1,2.6,1,17,0,5,0.1,166,3,20,1698,1771,3720,15,7,4,0,1,0,1
1695,1,0.5,1,2,1,47,0.5,189,5,13,308,1208,1629,8,6,11,1,1,0,0
507,1,1.9,1,0,1,39,0.7,142,1,0,17,1084,2124,6,0,12,1,1,0,0
1318,0,1.9,1,0,1,11,0.8,188,2,15,688,1591,1780,12,10,2,1,0,0,0
1308,0,1.3,1,8,0,46,0.9,199,1,12,275,989,488,5,3,9,0,1,0,0
510,0,1.7,1,3,0,35,0.8,120,3,6,382,1228,2509,17,2,11,0,1,1,0
623,1,0.8,0,6,1,26,0.3,197,7,12,484,1238,1769,10,1,16,1,0,0,0
984,0,0.5,1,3,1,9,0.8,140,3,20,531,707,841,18,15,16,1,0,0,0
1180,1,2.5,0,0,1,27,0.1,90,6,1,168,540,348,7,5,19,1,1,1,0
683,0,0.7,0,5,0,19,0.9,173,4,17,954,1985,2622,16,3,5,0,0,1,1
1021,1,0.5,1,0,1,53,0.7,136,3,6,905,1988,2631,17,3,7,1,1,0,1
1802,1,1.2,1,8,0,27,0.5,116,5,16,453,963,1885,10,9,7,1,1,0,1
1830,1,1.0,0,7,1,47,0.3,117,1,11,1191,1882,3362,13,10,11,1,0,0,1
1527,0,2.7,0,10,1,60,0.1,154,5,14,526,1116,2078,5,3,11,1,1,1,1
1809,0,0.5,0,6,0,23,0.7,123,6,19,433,1661,2784,12,6,20,1,1,1,1
936,0,1.0,0,1,0,18,0.2,153,3,18,1330,1686,2391,12,6,3,1,1,1,1
1900,1,0.5,1,0,1,55,0.9,171,1,1,934,1241,3917,15,5,18,1,0,1,1
1886,0,0.5,0,0,1,24,0.4,112,3,1,809,1958,1179,16,7,20,1,0,1,0
637,0,2.3,0,3,1,60,0.8,97,4,4,1125,1989,374,18,4,8,1,0,1,0
1923,0,0.5,1,7,0,46,0.5,191,1,10,767,1759,1489,10,9,3,1,1,1,0
1462,1,1.7,1,1,0,25,0.2,182,7,18,91,1478,824,15,5,13,1,0,1,0
1545,0,1.3,1,15,1,35,0.1,173,5,20,115,1352,3197,14,9,6,1,0,1,1
582,0,0.5,0,8,0,32,0.7,107,3,11,1043,1702,2977,6,1,20,0,1,1,1
1090,1,2.3,0,1,1,8,0.6,128,8,8,1217,1670,3839,17,3,11,1,0,1,1
1537,1,2.5,0,4,1,43,0.3,137,1,5,839,1131,3685,18,17,17,1,1,1,1
1949,0,1.3,1,0,0,23,0.1,101,5,1,839,1136,2478,14,8,20,1,0,0,1
704,0,2.2,1,4,0,53,0.2,186,6,6,251,1013,3653,7,1,15,1,1,1,1
1263,1,1.4,1,1,1,32,0.4,103,2,2,409,644,3372,18,13,10,1,1,0,1
904,1,1.2,1,10,1,31,0.8,112,3,11,657,1014,2814,13,3,19,1,0,0,1
1872,0,0.5,1,3,0,17,0.7,89,6,6,1749,1767,724,17,3,9,1,0,1,0
1996,1,2.8,1,0,1,7,0.1,138,5,4,937,1083,1258,17,14,16,1,0,0,0
1052,0,0.9,0,1,0,6,0.8,195,4,16,1191,1839,552,6,1,11,0,0,1,0
826,0,0.5,1,0,1,57,0.5,135,2,0,354,530,323,17,3,7,1,0,1,0
1496,1,1.9,1,13,0,38,0.1,126,4,14,501,506,1927,17,4,6,0,0,1,0
1671,0,0.5,1,13,0,5,0.9,179,8,18,398,1263,815,16,6,10,1,1,1,0
1303,0,1.0,1,0,1,15,0.1,138,3,10,229,1604,2574,12,4,14,1,1,1,1
697,0,2.7,1,5,1,20,0.4,173,2,6,478,1477,259,12,6,4,1,1,1,0
1572,0,0.6,0,0,1,58,0.2,157,7,8,1109,1937,2462,12,8,10,1,0,0,1
1101,0,1.8,0,0,0,31,0.2,148,2,7,387,1269,2196,12,6,19,0,1,1,0
1412,0,0.6,0,9,0,57,0.2,86,3,10,2,660,1853,15,10,18,0,0,1,0
848,1,2.1,1,10,1,19,0.8,148,7,18,176,1029,3359,10,0,14,1,0,0,1
1702,1,2.3,1,12,1,47,0.6,107,2,19,1284,1643,595,10,0,19,1,0,1,0
1166,0,2.0,0,3,1,25,0.8,198,5,4,59,1203,2488,13,5,15,1,0,0,1
1447,1,2.5,1,2,0,9,0.2,155,8,16,737,1455,568,12,11,8,0,0,0,0
831,0,1.7,1,7,1,26,0.7,177,5,11,511,621,1704,6,5,20,1,1,1,0
730,0,2.1,1,0,1,4,0.1,89,8,2,302,1247,1210,19,15,4,1,1,1,0
1108,0,1.0,0,3,0,49,0.7,140,5,12,1298,1666,3254,12,0,16,1,0,0,1
1329,1,1.7,0,5,1,23,0.6,198,8,6,380,682,2308,11,10,9,1,1,0,0
1077,0,2.5,1,0,1,45,1.0,174,3,4,897,1304,1965,6,2,6,1,1,0,0
1729,1,2.1,1,1,0,12,0.9,186,1,6,461,1178,1519,9,4,5,1,0,1,0
1482,0,0.5,0,2,0,48,0.2,142,7,10,634,642,2971,12,8,12,1,1,1,1
1720,0,2.0,0,15,1,55,0.5,168,2,18,753,1353,2148,14,2,5,1,1,1,1
1944,0,0.6,1,9,1,59,0.2,132,7,10,634,1079,769,19,13,3,1,0,1,0
753,1,0.5,0,11,1,48,0.1,121,8,20,606,1316,3484,11,10,16,1,0,0,1
590,1,1.2,1,0,0,32,0.4,141,6,1,227,509,1817,10,0,6,0,1,0,0
561,1,2.1,1,7,1,2,0.1,193,3,13,1055,1294,665,10,0,4,1,1,0,0
1472,1,2.3,0,6,0,61,0.1,168,6,19,710,1052,2677,19,15,8,1,0,0,1
1589,0,2.5,0,5,1,51,0.8,195,1,18,810,1743,2612,8,2,16,1,0,0,1
1366,1,1.7,1,5,1,53,0.2,161,5,9,647,1876,3869,17,5,14,1,0,1,1
1897,0,3.0,0,1,1,21,0.5,192,8,2,1311,1935,273,17,6,3,1,1,1,0
1640,1,0.7,0,10,1,21,0.8,169,7,14,589,1301,337,16,3,5,1,1,0,0
663,0,0.8,1,0,0,25,0.6,183,2,1,82,1605,3176,6,2,2,1,0,1,1
757,1,0.9,1,4,0,64,0.5,157,7,5,114,819,3433,6,5,10,1,1,0,1
925,1,2.1,0,9,0,56,0.2,196,1,14,1262,1520,2466,8,0,5,1,0,0,1
1093,0,1.9,1,2,1,22,0.3,196,8,14,238,807,1869,8,5,4,1,1,1,0
1624,1,2.6,1,0,0,58,1.0,200,3,11,1530,1744,1251,13,4,18,0,1,1,0
986,1,0.8,0,13,1,28,0.8,182,4,20,199,679,1149,8,7,18,1,1,0,0
543,0,0.5,0,0,0,57,0.7,192,5,4,391,984,2413,17,14,15,1,0,0,0
1083,1,1.4,1,2,1,49,0.8,156,5,9,295,503,1338,16,8,5,1,1,1,0
535,0,1.9,0,5,0,24,0.2,190,8,19,398,1775,524,9,3,4,0,0,0,0
1193,1,3.0,0,10,0,56,0.4,196,3,17,674,864,2394,19,11,14,1,1,0,1
989,1,1.8,1,4,1,55,0.7,124,1,12,46,1069,1737,8,5,10,1,0,1,0
1197,0,1.3,0,3,1,20,0.5,149,6,7,649,1629,1797,19,5,4,1,1,1,0
966,0,2.0,0,8,1,34,0.5,118,2,10,214,1523,3534,18,17,11,1,1,1,1
832,0,1.6,1,1,1,34,0.3,108,5,5,311,1294,447,15,13,12,1,1,0,0
818,0,1.3,0,14,0,43,0.9,177,6,15,111,510,546,12,6,7,1,1,1,0
569,1,2.5,1,0,0,41,0.3,124,1,1,388,605,2651,17,7,4,0,0,0,0
1642,0,0.5,1,16,1,8,0.3,171,6,17,129,873,2984,13,4,17,1,0,1,1
623,0,1.4,1,0,1,15,0.2,189,3,1,778,844,3510,14,4,18,1,0,1,1
1018,0,2.2,0,8,0,16,0.6,153,8,10,992,1433,3143,17,12,20,0,1,0,1
1136,1,1.6,0,15,0,32,0.5,150,6,19,961,1030,3210,10,3,8,1,1,1,1
1807,0,0.8,1,0,1,38,0.2,97,8,0,1332,1814,1069,7,6,7,1,0,0,0
1133,0,1.4,0,3,0,42,0.1,199,5,12,730,1543,1457,18,12,20,1,0,1,0
721,1,2.7,1,1,1,15,0.2,102,5,18,655,1255,3606,10,0,5,1,1,1,1
1619,1,1.9,0,2,1,21,0.4,138,1,9,46,562,1641,7,2,13,1,0,0,0
1275,1,0.5,1,3,1,5,0.2,152,1,9,19,501,3784,13,4,4,1,1,0,1
1940,1,1.0,1,0,1,5,0.2,194,4,1,588,1809,820,19,18,3,1,1,1,0
1181,0,2.3,0,12,1,61,0.6,116,2,16,385,831,2020,6,0,18,1,1,0,0
916,1,2.6,0,0,0,36,0.3,195,4,12,188,992,1470,13,0,14,0,1,0,0
1000,1,0.5,0,12,0,63,0.7,179,8,18,1537,1761,3744,11,1,7,0,0,1,1
1445,1,2.4,1,7,1,20,0.4,173,7,15,1273,1345,1441,7,4,13,1,1,1,0
640,0,0.6,0,0,0,20,0.1,163,4,15,710,1179,2844,7,5,18,1,1,0,1
1672,1,0.5,1,13,1,32,0.7,174,1,20,1281,1896,1267,17,4,20,1,1,0,0
1924,0,2.6,0,0,1,59,0.9,136,6,0,1438,1923,3646,10,9,16,1,0,1,1
862,0,2.3,0,9,1,6,0.1,107,8,14,829,1977,3458,9,4,9,1,1,1,1
1057,0,2.1,0,4,0,5,0.5,154,5,13,416,1055,3705,6,4,13,1,0,0,1
649,1,1.4,0,4,1,19,0.8,190,7,12,344,1551,739,18,1,2,1,1,0,0
538,0,1.1,1,0,1,25,0.3,163,7,7,455,537,2215,9,3,17,1,1,1,0
1926,1,1.7,1,1,1,33,0.4,172,3,2,982,1157,2488,6,1,14,1,0,0,1
1759,1,1.4,0,10,1,15,0.4,101,4,13,382,1163,2107,18,5,16,1,1,0,1
1887,1,3.0,1,6,1,17,0.2,126,8,7,1172,1798,3348,18,16,16,1,1,0,1
768,0,0.5,1,0,0,19,0.9,159,2,1,637,991,1145,19,1,7,0,0,1,0
1358,0,1.7,0,0,0,60,0.6,147,3,1,889,1635,440,14,10,13,1,0,0,0
1661,1,0.8,1,1,1,6,1.0,109,7,2,594,1337,864,9,8,2,1,0,1,0
1182,0,0.5,0,7,1,8,0.5,138,8,16,275,986,2563,19,17,19,1,0,0,1
1517,0,2.5,0,2,1,8,0.8,169,4,18,570,1645,2738,18,16,12,1,0,0,1
1724,0,2.0,1,2,1,57,0.5,177,3,5,1605,1924,2822,19,3,16,1,1,0,1
1872,0,0.5,0,5,1,26,0.5,172,4,10,672,1088,2273,8,4,8,1,0,1,1
1425,0,1.2,0,9,1,35,0.7,127,8,14,150,1897,590,13,2,6,1,1,1,0
1552,1,2.2,0,6,1,13,0.2,123,6,9,269,1026,2403,9,2,9,1,1,1,1
1147,0,0.8,1,11,0,28,0.7,158,6,13,1085,1134,2627,18,3,15,1,0,1,1
772,0,1.0,1,0,1,23,0.6,97,7,11,317,1805,2782,7,0,17,1,0,0,1
1641,0,1.1,0,6,0,48,0.7,97,8,7,224,1994,1695,13,6,17,1,0,1,1
623,1,0.9,0,1,1,3,0.1,102,8,7,1749,1781,3537,16,13,3,1,0,1,1
1425,1,0.6,0,0,1,33,0.5,89,3,2,396,1648,3771,10,3,9,1,0,1,1
822,1,0.5,0,0,1,51,0.3,157,6,20,667,860,3846,10,1,3,1,0,0,1
667,0,1.3,1,4,1,6,0.1,149,6,10,272,870,3566,9,5,12,1,0,1,1
645,0,0.5,0,1,0,41,1.0,197,7,10,327,580,2962,12,9,4,1,1,1,1
689,0,1.4,0,2,0,45,0.5,103,5,11,256,823,3585,10,1,10,1,0,0,1
721,0,0.5,1,6,1,6,0.4,194,4,9,1446,1988,530,8,4,8,1,0,1,0
987,1,2.3,0,9,0,17,0.8,124,7,17,887,1274,3885,11,0,14,1,1,0,1
763,1,0.5,0,9,1,51,0.3,104,5,12,273,1278,2865,11,6,9,1,1,1,1
618,0,0.6,0,8,0,16,0.2,143,1,14,1105,1602,2262,16,15,4,0,1,0,1
1492,1,1.5,0,5,0,11,0.9,85,3,7,1684,1746,2259,14,12,19,0,1,1,1
807,1,0.5,1,0,0,37,0.2,127,4,0,245,829,2319,5,4,4,0,0,0,0
1130,0,1.8,1,0,0,27,0.9,101,1,8,1495,1579,315,14,5,11,1,1,0,0
1561,1,1.6,1,1,1,27,0.8,174,3,10,662,874,1205,12,7,3,1,1,0,0
1664,1,2.9,1,9,1,15,0.5,177,7,19,1178,1929,1968,12,7,9,1,0,0,1
827,0,1.1,1,2,1,18,0.9,160,2,16,448,821,1663,14,0,17,1,1,1,0
1719,1,2.1,1,0,0,52,0.1,187,3,1,417,520,2610,10,1,11,1,1,1,1
1260,0,0.6,0,5,1,13,1.0,106,6,6,165,736,2710,13,1,8,1,1,0,1
768,1,0.9,0,16,1,56,0.1,113,1,20,418,515,952,19,3,16,1,0,1,0
601,1,1.7,1,3,1,6,0.8,169,4,11,818,1827,2651,14,8,9,1,0,1,1
1476,1,1.2,1,0,1,55,0.1,171,4,5,1641,1666,1529,13,8,3,1,0,1,1
1339,1,2.3,1,0,0,40,0.1,123,2,1,212,1269,2382,6,4,7,1,0,1,1
1593,1,1.0,0,0,1,52,0.7,130,8,0,761,1336,1354,15,13,13,1,1,1,0
532,1,0.8,1,3,0,8,0.1,193,5,10,1213,1354,728,13,5,8,1,1,0,0
1379,1,2.1,1,14,1,63,1.0,83,1,17,207,1370,651,9,6,7,1,1,0,0
1948,0,2.8,1,5,1,18,0.2,135,2,14,477,571,816,16,2,3,1,0,0,0
673,1,1.7,1,3,1,22,0.1,88,1,5,594,1088,2050,7,2,17,1,1,0,0
1567,0,2.1,1,3,0,22,0.8,153,3,19,190,1326,3991,15,2,10,1,0,0,1
1967,0,0.5,0,0,1,46,0.6,199,1,7,518,1374,1567,15,2,7,1,1,0,0
1237,1,2.5,0,7,0,13,0.8,98,4,12,18,1004,2528,11,8,16,0,0,0,1
995,0,1.3,1,1,0,10,0.1,104,4,3,258,1889,609,11,3,5,1,0,1,0
1166,1,0.5,0,7,0,59,0.5,80,1,11,437,638,3887,8,6,7,1,0,1,1
740,0,1.8,0,1,0,12,0.2,123,1,11,935,1147,1105,7,6,19,0,1,1,0
1210,1,1.6,1,9,0,57,0.5,111,4,20,329,1039,1886,16,0,17,1,0,1,0
764,0,1.0,1,9,1,45,0.5,124,8,11,52,539,1341,19,1,12,1,0,0,0
891,0,1.9,1,1,1,18,0.1,153,6,3,40,1435,1303,17,16,4,1,1,1,0
1991,0,2.2,1,1,1,42,0.7,82,1,13,366,613,722,6,5,10,1,1,0,0
1394,1,0.9,1,10,1,62,0.3,175,5,13,1010,1565,473,11,1,20,1,1,0,0
1280,1,1.3,0,0,1,39,1.0,108,7,1,356,588,2335,6,4,2,1,0,1,0
1077,1,1.7,1,1,0,58,0.8,86,7,13,135,1892,3902,9,3,3,1,0,0,1
1242,0,1.1,1,0,0,10,0.6,165,2,1,459,1225,1050,11,1,4,1,0,1,0
731,1,0.5,1,0,1,28,0.5,130,8,0,424,1032,1774,12,8,10,1,0,0,0
574,1,3.0,0,1,1,30,0.9,126,2,3,94,1334,1167,5,3,19,1,0,0,0
1375,0,0.5,1,2,1,35,0.1,194,2,3,227,772,1947,15,13,15,1,1,1,0
1178,1,1.3,0,0,0,49,0.6,101,5,0,579,596,2511,6,3,17,0,0,0,1
726,0,2.9,0,0,0,43,0.1,101,8,0,666,760,1446,17,2,8,1,1,0,0
1811,1,2.0,0,3,1,22,0.2,82,2,8,358,614,2847,9,2,4,1,0,1,1
1550,1,2.5,0,6,0,21,0.8,133,2,11,268,832,2338,16,1,15,0,1,0,1
1104,0,1.7,0,1,1,60,0.4,199,2,13,653,1413,1229,6,0,3,1,1,1,0
1367,0,2.9,0,4,0,56,0.8,176,2,6,36,642,299,6,2,10,0,1,0,0
1333,0,1.4,0,3,1,59,0.7,183,7,5,394,1301,3442,18,16,5,1,1,0,1
1878,1,0.5,0,9,0,29,0.6,85,8,19,210,1026,1334,18,7,2,0,0,0,0
1607,0,1.1,1,6,1,20,1.0,192,2,8,776,1005,885,11,1,14,1,1,0,0
1900,1,2.0,1,1,0,41,0.5,190,8,6,912,1596,850,5,1,4,1,1,1,0
924,0,0.5,1,0,1,47,0.3,167,8,6,108,1813,1620,17,15,12,1,0,0,0
909,1,1.4,0,0,0,53,0.3,82,8,0,635,973,3187,12,9,4,1,0,0,1
964,0,2.0,0,0,1,22,0.7,86,8,0,225,1234,2577,17,16,5,1,1,0,1
1944,1,0.5,0,1,1,26,0.5,92,4,9,313,712,2322,19,8,7,1,0,1,1
1057,1,2.7,0,3,1,41,0.1,97,4,10,397,891,2033,16,9,2,1,1,0,0
581,0,2.2,0,0,0,59,0.7,185,5,6,803,1613,2819,19,17,9,0,0,1,1
1234,1,1.6,1,1,0,33,0.6,172,1,3,166,778,1449,11,7,6,0,0,1,0
772,1,1.2,1,7,1,8,0.6,134,7,8,552,1802,422,7,6,15,1,0,0,0
1424,1,2.9,1,0,0,20,0.6,180,5,0,181,1199,2658,15,0,19,1,0,0,1
1995,1,0.5,0,6,0,26,0.2,129,1,15,649,1104,1322,15,11,7,0,1,1,0
860,1,1.6,1,13,0,48,0.5,187,7,18,335,1463,1870,17,2,18,1,0,0,0
528,0,1.7,0,12,1,6,0.8,142,2,15,574,637,3256,9,8,6,1,1,0,1
1596,0,2.9,1,7,0,7,0.7,149,2,9,169,1190,2493,14,12,13,1,1,1,1
1259,0,1.2,1,0,0,13,0.5,97,2,0,1210,1989,340,17,13,4,1,0,1,0
1602,0,2.7,0,4,1,46,0.6,118,1,5,273,1062,1862,16,9,2,1,0,1,0
1725,0,0.5,1,8,1,52,1.0,185,6,12,1125,1195,1243,19,18,5,1,1,1,0
1563,0,1.7,1,10,0,16,0.1,151,7,13,410,572,3922,11,1,8,0,0,1,1
932,0,1.3,0,1,0,64,0.7,154,7,2,1176,1224,3817,8,7,9,1,1,1,1
1620,0,2.6,1,6,0,5,0.9,186,6,18,434,1339,1086,18,14,13,1,0,0,0
586,0,1.4,1,10,1,8,0.5,142,8,14,116,598,3178,9,7,10,1,0,1,1
1216,0,3.0,0,4,0,47,0.4,199,3,7,1852,1967,2268,13,5,4,0,1,1,1
627,1,1.6,1,3,1,12,0.2,131,7,17,447,819,2476,17,1,10,1,0,0,0
1945,0,1.2,0,3,0,26,0.7,112,6,5,1064,1540,3322,18,7,20,0,0,1,1
1627,0,0.9,1,9,1,32,0.1,180,6,16,52,1082,3206,12,6,16,1,1,0,1
1549,1,0.5,0,4,0,8,0.4,158,5,7,721,1514,1998,12,7,15,1,1,0,1
1136,0,0.5,0,0,1,9,0.9,150,6,2,1307,1767,2110,9,5,16,1,0,1,1
1934,1,2.7,0,8,1,2,0.1,118,4,16,242,1127,2190,18,1,9,1,0,1,1
1815,0,2.8,0,2,0,33,0.6,159,4,17,607,748,1482,18,0,2,1,0,0,0
1231,0,1.2,1,5,0,54,0.8,185,3,10,632,1184,1762,5,3,6,1,1,0,0
803,1,2.1,0,7,0,17,1.0,198,4,11,344,1440,2680,7,1,4,1,0,1,1
911,1,2.9,0,0,0,46,0.1,181,5,1,461,670,363,9,5,17,0,1,0,0
600,0,2.5,1,8,1,22,0.1,145,1,11,207,1162,3441,19,1,5,1,0,0,1
1028,1,2.8,0,1,1,30,0.1,193,1,10,1801,1923,1424,18,4,13,1,0,1,0
1188,1,1.5,1,0,0,54,0.3,198,6,2,1150,1469,485,12,7,7,0,1,0,0
1799,1,0.5,0,0,0,49,0.4,107,4,2,632,1383,720,12,2,11,1,1,1,0
1502,1,1.2,0,0,0,54,0.2,138,5,12,65,588,3693,17,14,16,1,1,0,1
1544,0,2.4,0,18,1,12,0.1,186,7,20,470,844,489,9,4,2,1,0,1,0
1299,1,2.8,1,0,0,64,0.5,83,6,6,46,908,1938,19,8,5,1,0,1,0
1807,1,2.1,0,2,0,49,0.8,125,1,10,337,1384,1906,17,13,13,0,1,1,1
664,0,1.5,0,5,1,6,0.9,164,2,19,1076,1472,3774,11,5,18,1,0,0,1
852,1,1.6,1,6,1,54,0.4,147,5,7,538,730,1275,13,7,12,1,0,1,0
694,1,1.8,1,15,0,36,0.4,193,4,20,983,1230,3676,12,8,5,1,0,1,1
1138,0,1.1,0,5,1,48,0.6,109,3,14,233,1777,2048,6,0,18,1,1,1,1
1864,0,1.4,0,8,1,46,0.7,178,1,12,168,981,2686,11,7,18,1,1,1,1
1261,1,0.5,1,0,1,11,0.2,90,4,0,858,1591,348,14,9,14,1,0,1,0
1201,1,0.5,0,1,1,10,0.4,198,6,5,1151,1723,726,11,4,3,1,1,0,0
1424,0,0.5,1,16,1,23,0.6,80,4,18,1399,1663,1053,14,11,16,1,1,1,0
1926,1,1.1,0,13,1,50,0.2,179,6,17,371,1000,3809,17,12,17,1,1,0,1
754,0,0.5,1,7,1,59,0.7,178,7,10,1914,1928,1027,6,3,5,1,0,0,0
1195,1,2.8,0,1,1,20,0.8,110,2,14,1580,1652,504,9,3,12,1,1,0,0
1707,0,1.4,0,0,0,41,0.8,80,7,2,1331,1388,1774,12,0,10,0,0,0,1
1957,0,1.2,1,18,1,36,0.8,151,2,19,1194,1727,1115,16,2,18,1,0,1,0
586,0,0.5,1,1,0,57,0.3,188,2,5,1226,1389,3646,15,4,11,1,1,1,1
671,0,2.9,0,7,1,2,0.1,95,6,19,614,1617,2278,13,4,2,1,0,0,1
1076,1,2.6,0,3,1,38,0.7,119,6,8,129,915,891,18,3,9,1,1,0,0
1373,1,1.0,1,2,0,50,0.2,127,7,12,105,673,3800,8,3,14,1,0,0,1
1344,0,1.5,0,1,0,14,0.5,190,1,3,419,556,2074,8,1,5,1,1,0,0
912,0,0.7,0,3,0,47,0.9,182,3,6,724,794,1321,7,2,6,0,1,1,0
1911,1,2.0,0,7,1,64,0.6,163,8,8,1795,1958,3872,9,8,11,1,1,0,1
579,1,2.5,0,3,0,7,1.0,89,8,10,808,1517,2908,12,4,11,0,0,1,1
1269,1,1.3,0,14,0,52,0.8,118,2,15,1597,1920,665,18,5,5,0,0,0,0
1489,0,2.4,1,8,0,32,0.6,200,1,16,172,812,776,7,6,8,0,0,0,0
1549,1,1.8,1,0,0,62,0.7,91,4,4,167,990,799,7,3,9,1,0,1,0
1936,0,1.3,0,2,0,44,0.1,139,3,3,570,1021,1400,17,7,3,0,0,1,0
1281,1,2.8,1,3,1,8,0.3,144,4,19,590,954,1851,8,2,9,1,1,0,0
1126,1,2.4,0,2,1,10,0.4,160,6,3,1223,1611,2050,7,6,12,1,1,1,1
1606,1,0.5,1,0,1,33,0.9,200,5,0,157,770,3437,11,1,2,1,0,0,1
1396,0,2.4,1,0,0,46,0.1,138,7,1,1191,1347,2389,7,3,15,0,0,1,1
1906,1,1.9,1,3,0,55,0.2,113,3,4,3,629,1871,13,5,4,1,0,1,0
1106,1,1.9,0,4,0,54,0.7,107,3,9,614,1212,2674,9,3,9,1,0,1,1
1232,0,2.9,1,1,1,24,0.3,169,5,17,361,809,1257,16,10,16,1,0,0,0
1175,1,1.7,1,1,1,45,0.6,167,2,7,90,557,2240,10,6,5,1,1,0,0
827,1,0.6,1,9,1,35,0.2,87,6,17,23,826,2367,5,3,15,1,0,1,0
1929,1,0.5,1,0,1,19,1.0,163,6,2,349,1051,1913,12,7,6,1,1,0,0
553,1,2.2,1,0,1,18,0.7,136,2,1,1287,1892,3300,12,10,20,1,0,0,1
1524,0,2.5,1,11,1,41,1.0,96,4,20,184,740,1936,7,0,9,1,1,1,0
1361,1,1.4,0,1,0,47,1.0,169,5,2,881,1382,2495,8,7,16,0,0,1,1
1086,0,2.7,0,0,1,24,0.1,135,8,19,1874,1976,3930,17,1,18,1,1,1,1
1163,0,2.8,1,0,0,49,0.6,155,2,0,520,754,2768,19,2,12,0,0,1,1
1807,0,2.0,1,0,1,13,0.5,155,8,0,970,974,323,9,3,3,1,1,1,0
1602,1,2.8,1,4,1,38,0.7,114,3,20,466,788,1037,8,7,20,1,0,0,0
1150,1,0.5,1,4,1,27,1.0,134,1,17,234,1947,1610,11,0,16,1,0,0,0
688,1,2.5,0,9,0,40,0.2,109,5,20,376,1957,1382,12,7,8,0,1,0,0
1469,0,1.7,1,11,1,44,0.5,169,2,14,484,711,1687,15,5,5,1,1,1,0
1708,1,2.4,1,18,1,49,0.1,109,1,19,233,517,3388,6,4,16,1,1,1,1
707,0,0.5,0,0,1,16,0.1,194,2,0,1027,1508,1853,17,14,12,1,1,1,0
826,0,0.6,0,3,0,62,0.7,187,4,19,778,1615,1998,17,4,17,0,0,0,0
1205,0,0.5,1,3,0,12,0.6,175,4,6,573,614,860,14,1,14,1,0,1,0
894,0,0.9,0,5,1,54,0.2,130,3,15,104,541,2829,11,5,13,1,0,1,1
1129,1,0.8,1,9,1,21,0.6,116,2,10,1128,1702,1400,11,0,13,1,1,0,0
1696,0,1.7,0,1,0,13,0.9,97,3,2,179,772,523,5,0,4,0,1,1,0
972,1,1.7,0,0,1,54,0.7,107,3,4,681,1050,1900,16,8,19,1,0,1,0
1901,1,0.5,0,5,1,41,0.6,131,2,17,3,1662,368,5,1,12,1,0,0,0
1341,1,2.1,1,0,0,36,0.4,107,8,1,473,574,2200,18,14,15,0,1,0,0
1571,0,1.4,0,0,1,19,0.1,100,6,1,713,1398,666,12,10,13,1,1,0,0
1808,1,0.5,1,1,0,31,0.5,92,2,16,714,1208,2736,9,1,8,0,0,1,1
1227,1,1.1,1,0,0,34,0.2,130,3,3,935,1781,1324,7,3,12,0,1,1,0
1285,0,0.8,1,4,1,11,0.8,199,5,7,1791,1896,3966,17,15,2,1,1,1,1
503,0,2.5,0,3,0,57,0.6,185,6,11,778,1291,305,11,8,16,0,0,1,0
962,1,1.1,1,3,0,17,0.1,161,8,20,546,1424,3438,14,3,20,0,0,0,1
1512,0,0.9,0,4,1,46,0.1,145,5,5,336,670,869,18,10,19,1,1,1,0
1103,0,1.0,1,6,0,29,0.7,111,6,8,990,1486,1837,8,7,16,0,1,1,0
688,1,1.5,0,0,0,2,1.0,89,3,2,271,869,391,5,2,8,1,1,1,0
1497,1,0.7,0,5,0,32,0.7,92,3,9,1920,1933,1329,6,1,7,1,1,0,1
1824,1,0.8,0,4,1,19,0.9,143,2,5,1055,1738,2381,14,1,5,1,0,0,1
1090,0,1.3,1,5,0,27,0.1,91,4,16,1638,1910,1352,5,1,11,0,1,0,0
1159,1,2.8,0,5,1,18,0.5,83,1,7,681,723,2246,8,1,3,1,1,0,0
1253,1,0.5,1,5,1,5,0.2,152,2,19,685,714,1878,15,0,4,1,1,0,0
1933,0,2.8,1,1,0,16,0.5,154,3,9,229,1473,838,14,2,18,0,1,0,0
1891,0,2.8,0,7,1,37,0.4,129,7,14,169,1108,3704,8,6,11,1,0,0,1
1908,0,0.5,0,9,1,30,1.0,111,2,19,140,1046,2944,19,17,17,1,0,1,1
1827,1,0.8,0,4,0,61,0.9,130,7,9,253,1764,2693,8,3,7,0,1,1,1
1250,1,1.5,0,14,1,20,0.4,167,5,18,11,1020,3314,6,5,6,1,1,1,1
1146,0,3.0,0,5,1,57,0.4,111,5,10,73,583,291,19,9,11,1,1,1,0
1202,1,2.4,1,0,0,19,0.1,122,2,1,404,1742,595,19,0,3,0,0,0,0
1569,0,0.8,1,8,0,59,0.9,111,3,16,1261,1383,3672,15,2,15,1,0,1,1
1219,0,1.6,1,5,0,4,0.3,169,6,7,1419,1698,1998,9,2,4,0,0,0,1
578,1,0.5,0,9,1,62,0.3,170,5,13,626,1134,2977,15,12,5,1,1,1,1
1426,1,0.8,0,2,1,42,0.6,84,3,10,715,1163,1356,15,9,16,1,0,1,0
1161,0,1.3,1,0,1,21,0.6,126,8,12,308,1169,3336,6,4,14,1,0,1,1
1485,0,1.0,0,2,1,32,0.7,84,2,9,510,1013,2147,19,1,11,1,1,0,1
1265,0,0.6,1,4,1,49,0.5,90,1,5,275,687,1518,16,11,8,1,0,1,0
608,1,0.5,1,0,0,64,0.9,94,4,0,4,1351,2517,16,8,7,1,1,1,0
1245,1,0.6,0,2,0,30,0.7,105,5,3,330,1434,2676,17,8,7,1,0,0,1
739,1,2.3,1,2,1,58,0.1,88,3,4,1052,1536,475,7,6,6,1,0,1,0
1655,1,0.5,1,6,1,4,0.1,105,3,12,626,1348,673,10,3,12,1,0,0,0
712,0,2.5,1,1,0,49,0.6,99,6,3,1131,1743,401,5,0,10,1,0,1,0
1307,0,1.8,0,2,0,7,0.6,88,7,3,897,1103,1412,16,9,5,0,0,1,0
584,1,1.7,1,1,1,19,0.4,199,4,4,919,1343,3996,12,9,17,1,1,1,1
586,0,2.8,0,2,0,15,0.2,83,3,11,241,854,2592,12,8,3,0,0,0,0
1250,1,1.4,0,8,0,44,0.2,182,7,20,703,1011,1882,14,1,14,0,0,0,0
1520,1,2.2,0,5,1,33,0.5,177,8,18,151,1005,3826,14,9,13,1,1,1,1
1804,0,0.5,0,9,1,22,0.6,153,7,19,1158,1244,3472,9,1,20,1,0,1,1
1454,0,1.4,1,8,0,37,0.8,80,8,20,903,910,1713,16,0,19,0,0,0,0
811,1,2.4,1,5,1,2,0.3,106,6,13,333,1429,2111,18,7,2,1,0,1,0
581,0,0.6,0,5,1,56,0.2,180,2,10,523,565,354,10,4,13,1,1,1,0
1766,1,0.5,1,1,1,22,0.8,122,8,4,291,1318,3297,7,5,16,1,0,0,1
1851,1,1.9,1,3,1,12,0.9,198,6,11,293,1967,735,7,6,14,1,0,1,0
722,0,1.1,0,12,0,12,1.0,93,6,20,138,1371,2359,13,6,3,0,0,0,0
852,0,1.0,1,4,1,62,0.7,104,7,13,293,1159,2253,17,4,7,1,1,0,0
1395,0,1.8,1,0,0,23,0.1,111,3,1,213,705,2571,11,0,13,1,0,1,1
1786,0,0.5,0,9,1,58,0.7,161,7,10,231,1671,2764,9,3,7,1,1,1,1
603,0,1.5,0,8,0,12,0.7,114,6,20,1003,1284,1543,7,5,19,1,1,0,0
875,1,1.4,1,1,1,43,0.6,104,8,3,902,969,3396,14,2,18,1,0,0,1
1762,1,2.5,0,10,1,15,0.3,107,8,11,1103,1364,2183,8,3,11,1,1,0,1
1866,1,2.5,1,3,1,47,0.8,89,5,9,358,1782,1444,7,4,20,1,0,0,0
730,1,0.5,1,3,1,27,0.1,112,5,10,62,846,3623,9,4,15,1,1,0,1
1470,1,1.7,1,6,0,45,0.1,121,1,9,777,1090,3259,10,1,14,1,0,1,1
1930,1,2.0,0,11,0,16,0.8,186,8,12,1901,1920,1783,17,3,13,0,0,1,1
805,0,0.8,0,1,0,34,0.6,88,6,2,1262,1538,3647,18,11,9,1,0,1,1
598,1,0.8,1,8,1,62,0.1,117,8,9,118,764,3066,11,2,19,1,1,0,1
1526,0,1.1,1,2,1,38,0.3,116,5,6,798,1418,3317,7,1,8,1,1,1,1
1488,0,0.5,0,1,0,39,0.8,112,5,6,1528,1647,3054,14,10,19,0,0,0,1
615,1,0.5,1,0,0,42,0.6,163,6,4,104,1664,2211,7,4,18,0,0,1,0
1790,0,2.5,1,9,0,2,0.1,184,1,14,622,792,1366,7,0,20,1,1,1,0
1937,1,1.7,0,17,0,58,0.6,189,1,19,1728,1767,3321,5,4,14,1,1,0,1
551,1,2.8,0,0,1,54,0.1,172,7,15,169,1916,1414,6,1,19,1,0,1,0
1205,1,2.7,0,5,0,10,0.1,163,6,10,321,1870,953,18,11,20,0,1,1,0
893,0,2.5,1,0,0,55,0.6,183,2,1,417,946,2986,7,1,6,0,1,1,1
765,1,2.5,0,3,0,44,0.3,88,8,11,1364,1851,2256,6,1,19,0,1,1,1
1530,0,2.0,0,11,0,42,0.8,177,6,13,454,1975,725,11,10,19,0,0,1,0
506,0,1.6,0,6,1,41,0.8,159,1,7,875,1025,2965,13,10,15,1,0,0,1
625,0,2.7,1,2,0,42,0.8,138,8,3,203,1771,2929,10,4,17,1,0,0,1
904,0,1.6,1,5,1,14,0.2,102,8,9,56,760,1846,7,0,3,1,0,1,0
582,0,0.5,1,3,0,27,0.2,168,3,10,985,1420,2437,19,2,2,1,1,1,1
1296,0,0.9,1,0,1,14,0.5,124,5,3,811,1272,490,7,1,4,1,1,1,0
1097,0,2.1,1,6,0,64,0.2,161,3,8,419,1914,1725,14,5,9,1,0,1,0
1236,0,0.9,1,2,1,57,0.1,188,1,14,517,809,1406,14,12,20,1,0,1,0
1099,0,0.5,0,13,1,61,0.3,146,3,20,393,1096,1699,17,10,3,1,1,1,0
969,0,2.4,0,0,0,45,0.3,124,7,0,491,589,404,18,5,19,1,0,1,0
1119,0,0.5,1,0,1,23,0.4,164,4,1,821,915,3520,7,4,7,1,0,0,1
1039,0,0.6,0,5,1,6,0.1,136,6,8,62,544,3212,15,7,7,1,0,1,1
1152,1,2.1,1,0,1,26,0.3,82,2,0,1304,1673,3284,15,2,8,1,0,1,1
1523,1,2.4,0,5,1,57,0.2,117,2,6,247,539,3971,18,12,10,1,1,1,1
685,0,0.5,0,2,0,29,0.8,93,7,10,433,648,728,14,8,4,0,0,1,0
1450,0,2.1,0,1,0,31,0.6,114,5,4,1573,1639,794,11,5,9,0,1,1,0
1225,1,2.4,0,0,0,15,0.1,155,5,0,840,982,1970,16,8,15,1,1,0,0
1583,1,1.6,0,5,1,42,0.8,118,3,10,275,862,3652,14,10,9,1,0,0,1
1128,1,0.5,1,6,0,33,0.6,147,8,7,938,1226,1440,17,15,19,1,0,0,0
702,0,2.6,1,2,1,9,0.7,141,3,3,504,1570,2955,10,4,19,1,0,0,1
1834,0,2.1,0,7,1,40,0.1,99,4,11,0,1987,3692,13,0,16,1,1,0,1
866,0,0.5,1,5,1,46,0.5,179,8,7,692,1686,3825,12,11,2,1,1,1,1
1792,1,1.0,0,3,1,62,0.3,170,7,8,1626,1913,2563,18,14,15,1,0,1,1
1320,0,0.5,1,7,0,48,0.2,168,5,16,103,1583,2893,8,5,9,0,0,1,1
965,1,1.5,1,5,0,13,1.0,109,2,14,130,998,1138,9,8,10,0,1,0,0
1727,1,2.1,1,10,0,57,0.3,158,6,18,376,1288,512,5,2,6,0,0,0,0
950,0,0.5,0,6,1,55,0.1,124,8,7,86,1681,1305,6,5,4,1,0,1,0
920,1,0.5,0,2,0,46,0.8,149,3,3,1058,1421,2608,6,0,2,0,0,1,1
1604,1,1.9,1,0,1,63,0.6,93,5,2,641,1156,1464,15,9,20,1,1,0,0
1122,0,2.8,0,0,0,28,0.6,184,3,4,1578,1963,1402,14,10,3,0,1,0,0
1039,0,0.5,1,8,0,47,0.2,130,8,9,384,1878,1742,18,12,15,1,0,0,0
1053,0,2.9,0,7,0,42,0.9,126,6,17,419,1261,1339,17,0,14,0,0,1,0
1766,1,1.3,0,1,0,29,0.5,194,8,20,439,1306,2316,19,2,6,0,0,1,1
1595,1,2.6,0,7,0,12,0.3,121,8,19,344,655,3608,15,1,16,0,1,0,1
688,0,2.5,1,0,0,57,0.8,131,7,3,426,1964,3745,17,1,4,0,1,0,1
580,1,2.1,1,0,0,24,0.4,135,4,5,404,898,3565,12,11,8,1,0,1,1
1993,1,0.5,0,10,1,27,0.3,147,8,11,150,510,2437,14,0,9,1,0,0,1
851,0,0.5,0,3,0,21,0.4,200,5,7,1171,1263,478,12,7,10,1,0,1,0
1066,0,0.6,0,2,1,7,0.9,114,7,18,1242,1571,468,19,13,6,1,1,0,0
871,0,0.6,0,2,0,52,0.1,178,3,3,194,1437,437,14,7,17,1,0,0,0
1356,1,0.5,1,0,0,35,0.8,131,1,19,782,951,3451,5,2,17,1,1,1,1
535,0,1.5,0,1,1,48,0.7,113,1,4,290,811,740,11,10,18,1,1,0,0
881,0,1.0,0,1,0,64,0.5,160,3,6,115,636,2110,18,9,6,1,1,1,0
1112,1,0.5,1,1,0,53,0.6,121,4,16,234,739,3655,7,3,20,1,1,0,1
832,0,1.1,0,0,1,46,0.3,93,6,0,820,1366,3317,8,0,19,1,1,0,1
511,1,0.6,1,12,0,50,0.1,175,3,16,140,622,1484,9,7,8,1,0,0,0
1608,0,1.8,1,7,0,28,0.4,183,2,13,1013,1158,489,15,11,8,0,0,1,0
829,0,0.5,0,0,0,56,0.6,129,7,1,91,1916,820,12,6,11,1,0,1,0
1973,1,0.5,1,3,0,21,0.8,95,8,7,127,507,1724,12,10,8,0,0,1,0
1248,0,2.4,0,6,1,9,0.4,89,3,8,71,1686,2454,9,8,13,1,1,0,1
864,0,1.6,1,0,1,53,0.3,88,6,1,262,1436,493,18,9,10,1,1,0,0
1083,0,1.0,0,6,0,52,0.9,126,2,20,925,1469,681,19,18,19,1,1,1,0
538,0,0.8,0,12,1,2,0.8,177,7,13,235,662,417,8,4,9,1,0,1,0
832,1,0.5,1,1,1,5,0.1,165,5,2,9,1944,3946,12,5,14,1,1,1,1
1494,0,2.4,0,6,1,3,0.9,93,7,17,944,1003,1208,14,13,17,1,1,0,0
1190,1,2.2,1,9,0,47,0.3,186,6,10,1417,1441,624,9,3,19,1,1,1,0
1600,0,0.5,0,1,1,16,0.3,94,4,16,1315,1710,2073,9,5,4,1,1,0,1
1479,1,1.8,1,0,1,24,0.1,146,6,0,327,645,3762,12,10,5,1,0,0,1
1279,1,2.5,0,5,1,7,0.5,105,6,6,560,1633,1150,7,2,7,1,0,0,0
1540,0,0.7,1,1,0,60,0.8,197,7,12,704,822,1591,19,0,2,1,0,1,0
1846,1,0.6,0,1,0,19,0.7,159,1,2,83,773,1333,15,6,11,0,1,1,0
1278,1,1.2,0,10,1,60,0.6,172,7,14,1244,1504,3142,11,4,19,1,0,1,1
1898,0,1.8,1,3,1,56,0.2,185,7,4,444,739,2114,10,5,19,1,1,1,1
928,1,0.5,1,11,0,56,0.7,80,8,13,221,1243,666,19,10,5,0,1,0,0
1772,1,1.6,0,17,1,45,0.5,159,2,18,837,1405,1146,6,1,17,1,1,0,0
1260,1,2.0,1,2,1,23,0.2,123,7,10,905,1313,2208,12,11,10,1,0,1,1
1811,0,2.9,0,0,0,33,0.2,132,8,2,1099,1553,2610,8,3,13,1,1,0,1
1578,0,2.9,0,8,0,3,0.9,200,1,20,342,670,3483,17,4,16,1,0,0,1
652,1,2.4,1,9,1,17,0.7,173,5,11,77,559,1974,12,10,12,1,0,0,0
840,0,1.2,1,5,1,15,0.3,178,6,8,526,1728,2636,12,2,6,1,1,0,1
856,0,1.9,1,0,1,14,0.6,115,1,7,395,1027,2439,6,3,12,1,1,1,0
808,0,1.9,0,7,0,20,0.8,185,6,14,496,974,1471,13,4,11,0,1,0,0
1829,0,1.7,0,0,0,36,0.8,112,5,1,291,563,1475,11,4,7,0,0,0,0
718,0,2.8,0,10,0,59,0.8,113,6,13,1185,1387,1824,11,9,3,1,1,0,0
1645,1,1.8,0,1,0,21,0.7,123,7,2,897,1308,783,10,8,20,1,0,0,0
1375,1,1.3,1,2,0,12,0.1,105,1,13,898,1687,2890,17,1,12,0,0,0,1
1692,1,2.1,0,3,1,61,0.9,176,6,12,975,1996,1354,16,7,19,1,0,0,0
826,1,2.4,1,0,1,58,0.3,88,4,1,179,786,2863,9,3,18,1,0,1,1
1125,1,2.7,0,10,0,23,0.4,117,1,14,774,939,1641,14,8,12,1,1,0,0
1006,0,2.2,1,4,1,22,0.8,135,4,8,35,991,909,18,4,7,1,0,1,0
1949,1,0.5,1,2,1,31,0.1,145,5,9,837,1182,832,7,3,19,1,0,0,0
1210,0,0.5,0,0,0,63,0.1,93,5,0,1177,1462,2394,17,9,7,0,0,0,1
1829,1,0.5,0,0,1,15,0.4,160,5,7,729,1267,2080,16,11,12,1,0,1,1
922,0,1.5,1,1,1,35,0.9,188,7,15,1016,1383,1165,19,6,4,1,1,1,0
1554,0,2.8,1,7,0,23,0.1,105,6,18,699,1492,2184,13,9,20,1,0,1,1
709,0,1.9,0,11,1,13,0.1,81,8,15,570,1422,467,17,11,5,1,1,1,0
799,1,2.3,0,1,1,63,0.8,144,8,6,361,975,431,15,6,6,1,1,1,0
1423,0,0.6,0,12,0,44,0.8,131,5,13,501,640,2253,10,8,9,0,0,0,0
717,1,0.5,1,4,0,10,0.6,198,1,5,217,1106,688,10,7,15,0,1,0,0
1569,0,0.5,1,3,0,33,0.2,147,1,13,519,930,3538,18,1,15,1,0,1,1
1002,0,2.6,1,7,0,27,0.1,146,1,10,115,1111,1295,18,15,17,1,0,1,0
765,0,2.9,0,0,1,18,0.1,153,7,0,6,793,1066,11,1,16,1,1,0,0
1685,0,0.6,0,14,0,16,0.6,137,7,15,120,1429,881,6,3,17,0,1,1,0
530,0,2.4,0,1,0,32,0.3,88,6,20,48,1012,959,17,7,6,0,1,0,0
809,0,0.8,0,10,0,21,0.9,91,7,19,1453,1726,1274,18,7,3,0,0,0,0
1811,1,0.5,1,0,0,32,1.0,115,6,0,204,1132,348,17,11,18,1,0,1,0
1262,0,1.8,1,12,0,34,0.1,149,5,16,223,737,3248,13,3,4,0,1,1,1
1526,0,2.1,0,1,1,23,0.2,117,7,8,718,751,2227,18,10,3,1,1,0,1
1786,0,2.6,0,6,0,14,1.0,115,4,15,616,912,3038,18,0,14,1,0,0,1
595,0,0.9,1,7,1,23,0.1,121,3,17,441,810,3752,10,2,18,1,1,0,1
1449,0,0.8,1,3,1,10,0.2,144,1,12,1518,1883,1032,10,0,8,1,1,1,0
1725,1,1.6,1,6,1,6,0.5,119,2,18,609,1307,3429,6,5,4,1,1,0,1
879,1,2.5,0,11,1,14,0.7,83,6,15,403,1105,349,16,10,2,1,0,1,0
1061,1,2.1,0,3,1,52,0.1,109,7,4,138,1330,999,16,12,9,1,1,0,0
1788,0,0.5,0,0,1,6,0.2,141,6,16,149,1022,2321,7,5,20,1,1,0,1
1143,0,1.2,1,1,1,22,1.0,125,3,6,1116,1724,1214,12,5,16,1,1,0,0
1387,0,0.5,0,0,1,61,0.5,98,3,0,785,1151,629,5,3,11,1,1,0,0
1417,1,2.7,0,2,1,56,0.9,114,6,4,494,1649,590,11,3,6,1,0,1,0
723,0,0.5,0,0,1,3,0.2,168,4,3,920,1748,1851,15,3,16,1,0,0,0
659,0,0.5,1,7,1,5,0.3,169,8,10,659,730,2190,16,10,16,1,1,0,0
555,1,0.5,1,2,0,17,0.2,163,5,12,956,1010,343,19,14,3,0,1,1,0
504,0,2.8,1,0,0,40,0.5,178,3,0,626,1195,470,6,0,16,1,0,0,0
742,1,2.3,0,0,0,21,0.7,104,8,1,875,925,331,11,8,7,1,0,0,0
1172,1,2.1,1,4,0,41,0.1,95,3,7,1314,1884,1107,7,3,5,0,0,0,0
560,1,2.0,1,6,1,57,0.3,81,3,12,80,1327,2167,11,10,7,1,0,1,0
1329,1,1.0,0,1,0,52,0.9,181,6,2,1053,1458,1228,8,6,6,1,0,1,0
1848,0,1.3,1,7,0,12,0.1,178,2,19,195,533,3915,9,7,8,0,0,1,1
1481,1,0.7,1,4,1,37,0.6,96,5,13,116,1533,2945,10,5,16,1,1,1,1
592,0,0.8,1,1,0,52,0.9,103,7,10,332,970,1507,5,0,4,0,0,1,0
914,1,0.7,0,1,1,60,0.9,198,5,4,740,840,3736,14,8,5,1,0,0,1
1065,0,2.8,1,0,1,21,0.1,158,5,3,760,1722,1193,16,13,20,1,0,1,0
1157,1,0.8,0,7,0,27,0.1,88,8,8,1694,1798,2885,8,4,2,1,0,1,1
909,1,0.7,1,7,0,47,0.1,146,3,9,410,1643,1244,14,10,16,0,1,0,0
1778,0,0.5,0,0,1,23,0.5,101,6,11,1028,1445,3941,19,6,13,1,0,0,1
1310,1,2.2,1,0,1,51,0.6,100,4,0,178,1919,3845,7,0,12,1,1,0,1
987,0,2.0,1,1,0,20,0.8,192,7,3,412,565,1454,11,3,8,1,1,0,0
1663,1,0.5,0,0,0,40,0.6,147,4,15,951,1545,1336,8,5,15,1,0,0,0
1009,1,2.8,1,7,1,2,0.6,115,7,15,267,1841,2286,19,8,13,1,0,0,1
574,1,2.0,1,0,1,26,0.5,118,6,2,382,1364,1303,8,4,2,1,0,1,0
1869,0,2.6,0,0,1,30,0.4,152,1,13,163,874,1375,15,3,19,1,0,0,0
1715,0,1.0,1,4,1,31,0.5,83,8,17,638,1615,625,17,6,13,1,0,0,0
865,0,2.9,0,5,0,16,0.1,89,4,12,335,1009,3494,13,3,14,0,0,1,1
1946,0,2.7,1,8,0,8,0.3,123,8,19,647,1849,3117,6,0,2,1,0,0,1
775,0,1.0,0,3,0,46,0.7,159,2,16,862,1864,568,17,15,11,1,1,1,0
994,0,1.2,1,4,0,40,0.9,164,2,17,296,839,3104,17,7,11,0,0,0,1
790,0,0.5,1,7,1,44,0.1,89,8,8,1100,1437,3424,13,11,9,1,1,0,1
752,0,0.5,1,1,0,48,0.7,87,7,13,164,728,3860,7,5,16,0,0,0,1
1735,0,1.8,1,16,0,34,0.1,140,2,17,149,876,2392,17,15,19,1,0,1,1
1934,1,2.6,1,0,1,46,0.1,103,1,17,619,1299,2940,13,9,2,1,1,1,1
1067,1,1.7,1,0,0,58,0.5,135,7,0,79,681,706,12,9,16,0,1,0,0
560,0,0.5,0,14,0,23,1.0,146,8,15,356,1903,2360,17,16,18,0,1,1,0
1431,1,0.5,0,0,1,56,0.6,191,1,1,156,952,461,7,3,8,1,0,0,0
1948,0,2.9,1,4,0,5,0.2,136,1,13,651,700,361,6,1,10,0,1,0,0
1076,0,2.3,1,0,1,14,0.7,191,5,0,1088,1718,2355,17,16,2,1,1,1,1
728,0,2.7,1,0,0,25,0.2,88,4,1,526,1529,2039,5,1,12,1,1,1,0
954,1,0.5,0,0,0,50,0.3,134,2,11,228,1058,438,17,0,2,1,0,0,0
1331,1,1.6,0,0,0,16,0.5,165,2,7,1109,1226,1026,13,5,20,1,0,1,0
1156,1,2.7,1,1,1,30,0.9,173,3,16,945,1913,2735,16,15,13,1,0,1,1
1199,1,2.5,1,15,1,16,0.2,116,4,20,1168,1552,3448,17,13,10,1,0,1,1
618,1,0.5,1,2,1,57,0.2,88,3,7,879,896,2399,18,15,17,1,1,1,0
946,0,1.7,1,8,1,25,0.8,143,6,15,650,1740,2177,7,5,13,1,1,1,1
1588,1,2.5,0,12,1,4,0.3,148,5,20,146,822,2506,5,3,11,1,0,0,1
1973,1,2.4,1,6,0,46,0.1,193,4,10,699,851,639,6,0,3,0,0,1,0
920,0,2.1,1,5,0,25,0.4,115,7,14,209,1078,785,10,7,5,0,1,1,0
1020,1,0.7,1,3,1,27,0.7,128,4,4,919,1482,3204,18,1,9,1,0,1,1
648,0,1.9,1,4,0,8,1.0,91,5,19,819,1997,2991,8,7,4,0,0,1,1
1855,0,0.5,0,5,0,32,0.6,187,8,18,267,1161,3933,7,0,7,1,0,1,1
514,1,2.9,1,5,0,18,0.7,141,2,8,1083,1492,980,13,7,16,0,0,1,0
1464,1,0.5,1,11,0,12,0.9,117,2,14,854,1168,3927,5,3,15,0,1,1,1
1345,1,3.0,0,7,1,38,0.1,162,3,11,512,1465,1322,9,2,15,1,0,0,0
1322,0,2.3,1,1,1,35,0.1,157,1,3,443,708,3684,15,8,6,1,0,0,1
957,1,2.5,0,4,0,7,0.8,107,5,10,1201,1485,1846,12,5,7,1,0,1,0
1893,1,2.1,1,8,0,63,0.2,134,2,11,637,763,3822,14,3,18,0,1,1,1
1065,0,1.7,1,4,1,48,0.3,162,6,8,1188,1948,265,8,0,12,1,0,0,0
1625,1,0.5,1,2,1,50,0.1,107,8,17,8,1219,670,16,3,8,1,0,0,0
1236,1,2.8,0,6,1,32,0.3,143,4,18,492,1403,942,16,12,14,1,1,1,0
557,0,0.5,1,3,0,17,0.2,89,6,4,322,710,2623,17,16,16,0,0,0,0
1701,1,1.6,1,3,0,10,0.3,194,8,7,550,1338,2598,12,9,6,0,1,0,1
1994,1,0.8,1,2,1,7,0.6,88,8,4,667,711,454,11,8,6,1,1,0,0
709,0,2.4,1,1,0,11,0.1,130,5,11,119,1531,3568,16,14,3,0,0,1,1
742,1,0.5,0,0,1,36,0.7,139,3,1,1161,1288,292,8,0,6,1,1,1,0
1695,0,0.5,1,6,1,46,0.7,200,3,9,1791,1898,446,16,13,15,1,1,1,0
1659,0,2.8,0,5,0,16,0.6,89,1,20,819,902,3255,19,14,9,0,0,1,1
1127,1,2.9,1,5,1,57,0.8,163,1,13,928,1049,2048,11,5,17,1,1,1,0
1452,1,0.5,1,1,1,25,0.9,123,6,11,42,1040,2669,12,10,13,1,0,0,1
1327,0,2.8,0,10,0,23,0.5,89,7,16,441,1721,872,7,5,4,1,1,1,0
547,0,1.9,1,1,0,37,0.4,154,5,4,371,541,2705,17,3,10,1,1,0,0
885,0,2.3,1,0,1,15,0.4,103,7,0,769,802,1410,16,10,5,1,1,1,0
1414,1,1.5,1,5,0,44,0.5,180,2,6,44,1118,3490,16,12,13,0,1,0,1
1142,1,1.4,1,6,0,6,0.7,190,8,8,534,855,663,12,4,5,0,1,1,0
1799,0,1.0,0,1,1,30,0.6,123,3,9,617,1386,445,10,8,10,1,1,0,0
1310,0,1.4,0,0,0,33,0.4,105,1,14,806,1016,1301,13,12,19,0,0,1,0
1126,0,0.7,0,3,0,49,0.9,165,8,17,114,1726,3739,14,1,13,1,0,0,1
1897,1,1.9,0,2,1,54,0.3,154,2,7,630,738,412,17,11,2,1,0,0,0
1407,0,1.8,1,5,1,16,0.2,170,4,6,925,1206,1068,6,0,8,1,1,0,0
825,0,2.9,1,0,0,34,0.8,99,8,17,1471,1866,2915,8,2,10,1,1,0,1
714,1,2.1,1,5,1,11,0.1,197,3,6,1750,1857,1164,15,12,19,1,1,0,0
616,0,1.9,1,13,1,44,0.8,81,3,17,651,1618,3366,18,8,13,1,1,0,1
686,1,2.7,1,0,0,36,0.1,194,4,1,64,745,1503,10,0,13,0,0,0,0
1369,1,1.7,1,3,0,28,0.6,108,1,18,1451,1469,3206,16,15,4,0,0,0,1
948,0,2.3,0,14,0,22,0.1,173,5,20,257,1654,3499,11,7,19,1,1,1,1
1330,1,1.8,1,1,0,40,0.5,177,1,5,194,892,2678,9,4,14,1,1,1,1
1776,0,2.2,0,2,0,20,0.9,82,6,16,1563,1803,2671,15,10,12,0,1,1,1
890,1,2.2,1,4,0,44,0.5,198,8,13,1074,1873,751,7,3,3,0,0,0,0
1837,0,1.0,1,5,1,12,0.9,103,8,6,1420,1539,2294,8,7,20,1,0,1,1
1632,1,1.4,0,0,0,41,0.1,132,4,1,706,1623,2614,5,4,15,1,0,0,1
1049,1,2.2,0,9,0,63,0.5,135,5,17,199,1077,1022,11,3,13,0,0,0,0
1777,1,3.0,0,3,0,20,0.6,188,6,5,511,616,3868,5,1,7,0,1,1,1
1483,0,2.1,0,1,1,54,0.2,176,7,2,531,758,1851,15,13,2,1,1,0,0
732,1,1.3,0,5,1,32,0.4,163,8,7,1661,1836,3883,12,2,5,1,0,1,1
1831,1,2.2,1,4,0,55,1.0,189,8,9,1693,1790,1133,14,3,10,0,1,0,0
1110,0,1.5,0,2,1,12,0.3,153,8,5,961,1950,624,9,7,15,1,0,0,0
1653,0,0.5,1,2,1,37,0.9,176,4,6,447,1785,3955,19,4,18,1,1,1,1
1889,0,2.8,0,5,1,31,1.0,132,1,10,170,1106,3672,5,1,3,1,1,1,1
1938,1,0.5,1,5,0,44,0.5,121,2,9,1299,1935,3497,18,10,18,0,1,0,1
1546,1,1.6,1,2,1,27,0.7,124,2,6,1138,1491,267,12,10,16,1,1,0,0
841,1,0.5,1,8,0,39,0.1,199,6,13,546,828,2942,11,5,16,0,1,1,1
1731,1,2.3,1,18,0,60,0.5,171,4,20,142,1039,1220,9,3,20,0,1,0,0
1864,0,1.9,1,2,0,57,0.1,181,6,6,1279,1793,3586,19,9,8,0,0,1,1
1230,1,2.2,1,6,0,26,0.8,123,5,7,416,676,988,11,5,9,0,1,1,0
1765,0,1.1,0,3,0,11,0.7,87,2,7,835,1175,3695,6,5,18,1,0,0,1
1283,1,0.7,1,0,1,27,0.2,80,4,6,1135,1923,3957,17,15,6,1,0,0,1
501,1,0.5,1,14,0,22,0.5,174,6,20,239,1636,3077,17,3,17,0,0,0,1
1617,1,2.4,0,8,1,36,0.8,85,1,9,743,1426,296,5,3,7,1,0,0,0
1697,0,0.5,0,0,1,60,0.1,90,4,0,88,1046,441,15,1,11,1,1,0,0
503,0,1.2,1,5,1,8,0.4,111,3,13,201,1245,2583,11,0,12,1,0,0,0
1872,1,0.5,1,14,0,49,0.2,139,7,18,81,1389,3153,16,15,5,1,1,0,1
1239,0,1.2,1,5,1,52,0.9,122,2,10,590,661,417,8,0,6,1,0,1,0
1195,1,1.1,1,2,1,8,0.9,80,6,6,327,1001,643,14,2,19,1,0,0,0
671,0,0.9,1,10,0,30,0.7,105,7,17,852,1182,2504,6,4,15,1,0,0,1
1845,1,0.5,1,10,0,61,0.3,96,1,12,292,695,1731,9,5,6,0,0,0,0
